stock_id,name,market,foreign,trust,dealer
00632R,元大台灣50反1,上市,-478000,0,65860474
3481,群創,上市,56496170,-243953,1771616
2303,聯電,上市,43123860,-10084822,-4964299
2812,台中銀,上市,24494000,25000,104452
2834,臺企銀,上市,21094712,15000,173642
2618,長榮航,上市,19049159,1347045,633664
5880,合庫金,上市,16541083,417000,830177
2002,中鋼,上市,17467170,0,251941
1101,台泥,上市,17345494,0,281666
2890,永豐金,上市,15105571,1137487,1381664
2610,華航,上市,11819504,4459000,85910
1303,南亞,上市,18913064,-3403000,594292
1718,中纖,上市,15561259,46000,193898
2867,三商壽,上市,13435000,0,672000
2412,中華電,上市,13605984,93876,309480
2884,玉山金,上市,9588093,732447,1459365
2887,台新新光金,上市,8656453,559714,1991279
00715L,期街口布蘭特正2,上市,1367000,0,8884091
2885,元大金,上市,1646485,6506404,1134663
2880,華南金,上市,685893,3955000,4028636
1402,遠東新,上市,5660644,2184080,81182
2883,凱基金,上市,5285994,269692,2094372
3045,台灣大,上市,6845837,122807,247730
4904,遠傳,上市,6451559,100333,365884
3231,緯創,上市,3633556,3219878,-8052
2332,友訊,上市,7280109,0,-447550
5876,上海商銀,上市,4461396,1777000,220066
00664R,國泰臺灣加權反1,上市,0,0,6213206
00665L,富邦恒生國企正2,上市,1197000,0,4936475
00680L,元大美債20正2,上市,3099000,0,2822396
2801,彰銀,上市,4912925,625000,232000
2892,第一金,上市,3094395,1226504,999392
2882,國泰金,上市,3891956,510405,866964
1714,和桐,上市,4964111,41000,-23209
2897,王道銀行,上市,4571000,0,109102
2881,富邦金,上市,3446594,398514,557044
8150,南茂,上市,4980039,-38000,-582158
00642U,期元大S&P石油,上市,-7905,0,4308473
00940,元大台灣價值高息,上市,544200,0,3425813
009824,群益美國科技巨頭,上市,0,0,3596639
00688L,國泰20年美債正2,上市,2285000,0,1250512
00918,大華優利高填息30,上市,-358850,0,3705813
009819,中信數據及電力,上市,1428300,0,1687522
2845,遠東銀,上市,2493509,509000,72000
00686R,群益臺灣加權反1,上市,3000,0,2978000
2027,大成鋼,上市,4694620,-2905000,937894
5388,中磊,上市,2521775,0,187313
00900,富邦特選高股息30,上市,773000,0,1849295
00882,中信中國高股息,上市,96000,0,2493399
00676R,富邦臺灣加權反1,上市,-135000,0,2516605
5871,中租-KY,上市,1781679,524000,65345
2313,華通,上市,5980385,-4391000,677643
1711,永光,上市,2227181,0,-75007
6116,彩晶,上市,2196977,0,-109114
00712,復華富時不動產,上市,3819000,0,-1738801
00753L,中信中國50正2,上市,349000,0,1726665
00671R,富邦NASDAQ反1,上市,0,0,2035010
4919,新唐,上市,2018841,0,-16035
1102,亞泥,上市,1594268,36016,348365
2886,兆豐金,上市,-2489138,1865125,2601690
2317,鴻海,上市,522460,737709,655575
4938,和碩,上市,1736172,33000,61942
2646,星宇航空,上市,1749949,0,67517
1216,統一,上市,-730966,1575000,958638
00650L,復華香港正2,上市,203000,0,1461685
9945,潤泰新,上市,1603776,9000,51030
2903,遠百,上市,1642000,0,18000
2353,宏碁,上市,1323447,43274,261376
2006,東和鋼鐵,上市,1319608,294000,-9903
00999A,主動野村臺灣高息,上市,841000,0,649643
00919,群益台灣精選高息,上市,-1729692,0,3133854
00713,元大台灣高息低波,上市,-77525,0,1441854
1802,台玻,上市,1329216,0,-18982
6414,樺漢,上市,1481235,-19000,-198307
2371,大同,上市,1183711,0,41032
2883B,凱基金乙特,上市,2488000,0,-1290000
6005,群益證,上市,1149186,29000,0
009813,貝萊德標普卓越50,上市,129100,0,1046206
9105,泰金寶-DR,上市,2789000,0,-1634711
3715,定穎投控,上市,1223936,0,-77229
2633,台灣高鐵,上市,958316,87000,65000
009817,國泰日本不動產,上市,1078000,0,-9653
6214,精誠,上市,1021008,0,42149
8028,昇陽半導體,上市,990044,1000,70689
2887I,台新新光辛特,上市,1051000,0,0
00752,中信中國50,上市,194000,0,823693
2645,長榮航太,上市,1012514,0,-11398
00646,元大S&P500,上市,-84202,0,1070430
00907,永豐優息存股,上市,-12000,0,989145
00706L,期元大S&P日圓正2,上市,-3000,0,947000
009821,野村稀土關鍵資源,上市,1013000,0,-73644
1515,力山,上市,927078,6000,-5012
00939,統一台灣高息動能,上市,-393000,0,1313259
2603,長榮,上市,891153,78000,-91162
2836,高雄銀,上市,847800,0,27000
2206,三陽工業,上市,848068,0,11000
3034,聯詠,上市,884562,20375,-58148
2327,國巨*,上市,4671383,-3988294,149366
2547,日勝生,上市,815000,0,14851
2504,國產,上市,783000,1000,26000
2379,瑞昱,上市,734360,22363,38839
2493,揚博,上市,740349,5000,40343
1722,台肥,上市,700324,0,48955
3036,文曄,上市,994306,-51774,-195451
00960,野村全球航運龍頭,上市,-230,0,709493
6919,康霈*,上市,647530,0,46352
6505,台塑化,上市,2222889,-1042000,-492651
2489,瑞軒,上市,2578160,-2000000,106202
3016,嘉晶,上市,682019,0,-23526
2820,華票,上市,630000,0,21166
6415,矽力*-KY,上市,773467,-3000,-119824
1319,東陽,上市,584000,0,7852
1447,力鵬,上市,590705,27000,-35000
2539,櫻花建,上市,562928,0,9000
9802,鈺齊-KY,上市,545000,0,19000
8046,南電,上市,781808,-39000,-186264
2408,南亞科,上市,75034,204507,276840
00981T,平衡凱基雙核收息,上市,8000,0,517000
2395,研華,上市,606050,15000,-98020
8033,雷虎,上市,540823,6000,-30000
00985A,主動野村台灣50,上市,606536,0,-98085
00693U,期街口S&P黃豆,上市,-13000,0,506439
2543,皇昌,上市,482980,0,7460
9941,裕融,上市,382016,0,102851
2485,兆赫,上市,549197,0,-67292
4958,臻鼎-KY,上市,733561,-585581,324391
6550,北極星藥業-KY,上市,469000,0,2000
6770,力積電,上市,732051,-906000,642882
00917,中信特選金融,上市,2270,0,465365
00949,復華日本龍頭,上市,30000,0,437289
2538,基泰,上市,463000,0,2000
1103,嘉泥,上市,449000,0,12000
5521,工信,上市,449000,0,11143
1519,華城,上市,429171,0,11445
4960,誠美材,上市,432057,0,1626
6213,聯茂,上市,478628,-27000,-29080
4551,智伸科,上市,419000,3000,-14
00997A,主動群益美國增長,上市,916000,0,-498953
4927,泰鼎-KY,上市,407033,0,4369
6282,康舒,上市,448596,0,-40775
6531,愛普*,上市,482325,-20929,-59657
2511,太子,上市,373509,0,27000
2464,盟立,上市,593000,0,-199194
00916,國泰全球品牌50,上市,141000,0,243325
00655L,國泰中國A50正2,上市,88000,0,292956
00738U,期元大道瓊白銀,上市,94932,0,284537
6271,同欣電,上市,1686605,-1285000,-30070
1210,大成,上市,65393,110000,195854
00915,凱基優選高股息30,上市,-328000,0,697312
2351,順德,上市,460840,4000,-97880
009800,中信NASDAQ,上市,16000,0,350518
2478,大毅,上市,362000,6000,-9716
6706,惠特,上市,350143,0,5984
2850,新產,上市,365754,0,-10000
4764,雙鍵,上市,-146921,500000,1558
1712,興農,上市,349001,0,5613
00901,永豐智能車供應鏈,上市,282000,0,70847
3703,欣陸,上市,332000,3000,16000
00994A,主動第一金台股優,上市,426000,0,-76804
2540,愛山林,上市,331941,0,17000
2630,亞航,上市,465228,0,-122626
8261,富鼎,上市,433443,3000,-105378
6166,凌華,上市,335232,0,-4347
2537,聯上發,上市,317998,0,2000
3645,達邁,上市,364871,0,-50571
4915,致伸,上市,305000,0,7293
4976,佳凌,上市,311000,0,850
6589,台康生技,上市,304003,0,5000
00909,國泰數位支付服務,上市,527500,0,-218533
2377,微星,上市,514157,14000,-222621
00936,台新永續高息中小,上市,213000,0,92046
3049,精金,上市,315707,0,-15001
2505,國揚,上市,291000,0,7000
3450,聯鈞,上市,-282996,555000,25814
1526,日馳,上市,285000,0,5879
2015,豐興,上市,276404,5000,9000
2031,新光鋼,上市,266000,0,23751
6405,悅城,上市,277000,0,2070
2472,立隆電,上市,281575,0,-2711
2302,麗正,上市,269018,3000,1001
00763U,期街口道瓊銅,上市,12000,0,259708
2211,長榮鋼,上市,409000,0,-137366
2915,潤泰全,上市,254000,0,16760
1477,聚陽,上市,161711,96000,11841
9958,世紀鋼,上市,268549,0,-4785
009805,台新美國電力基建,上市,-173000,0,433440
2534,宏盛,上市,253100,0,7000
00983D,主動富邦複合收益,上市,313000,0,-53284
1476,儒鴻,上市,246664,5580,5744
00924,復華S&P500成長,上市,41470,0,213221
2375,凱美,上市,251354,5000,-7809
1709,和益,上市,250734,0,-3977
2727,王品,上市,248493,0,-3619
2258,鴻華先進-創,上市,220120,0,20000
1809,中釉,上市,237216,0,-618
2849,安泰銀,上市,223000,0,12000
2530,華建,上市,268000,0,-38000
1227,佳格,上市,200000,0,28999
2348,海悅,上市,220000,0,8000
2486,一詮,上市,204908,100000,-76972
3013,晟銘電,上市,230015,0,-9935
2399,映泰,上市,217489,0,1884
3056,富華新,上市,202101,0,15081
1310,台苯,上市,215000,0,0
00956,中信日經高股息,上市,180000,0,34610
6869,雲豹能源,上市,206950,0,3491
6164,華興,上市,216583,0,-7000
00640L,富邦日本正2,上市,1000,0,207957
3532,台勝科,上市,998910,-752000,-41768
00635U,期元大S&P黃金,上市,108354,0,96564
6670,復盛應用,上市,251741,0,-47000
2355,敬鵬,上市,235570,0,-31983
2536,宏普,上市,194000,0,4000
9917,中保科,上市,188848,3000,6000
3023,信邦,上市,124637,2000,66866
2597,潤弘,上市,187134,0,6000
1414,東和,上市,191000,0,-1000
009801,中信美國創新科技,上市,8000,0,181611
2441,超豐,上市,191620,0,-2675
1795,美時,上市,184000,0,4253
1217,愛之味,上市,181000,0,7000
2889,國票金,上市,130982,2000,53000
6890,來億-KY,上市,178566,0,5493
3583,辛耘,上市,173673,12000,-4195
2367,燿華,上市,181703,0,-726
6449,鈺邦,上市,185230,0,-4284
00995A,主動中信台灣卓越,上市,382000,0,-203728
1907,永豐餘,上市,136280,0,41000
00910,第一金太空衛星,上市,215000,0,-38219
00932,兆豐永續高息等權,上市,75000,0,100809
5203,訊連,上市,127360,0,46006
009811,統一美國50,上市,6000,0,164176
2608,嘉里大榮,上市,164980,0,5000
1604,聲寶,上市,158421,0,7000
1467,南緯,上市,148146,0,17000
1560,中砂,上市,-376586,533000,8585
1321,大洋,上市,160000,0,4620
1720,生達,上市,158000,0,3994
1727,中華化,上市,161059,0,275
1442,名軒,上市,3350,0,156000
3406,玉晶光,上市,147489,2000,9116
2461,光群雷,上市,153878,0,2000
3090,日電貿,上市,472667,-314000,-3405
3032,偉訓,上市,135350,0,17179
2049,上銀,上市,90656,0,58347
6205,詮欣,上市,151059,0,-2070
9910,豐泰,上市,118414,14000,14997
00757,統一FANG+,上市,-22174,0,167253
2905,三商,上市,129944,0,15000
009812,野村日本東證,上市,6079,0,136390
1528,恩德,上市,139000,0,1410
6768,志強-KY,上市,139027,0,1026
1232,大統益,上市,136000,2000,1996
00638R,元大滬深300反1,上市,0,0,137000
2520,冠德,上市,64800,0,71710
2419,仲琦,上市,127090,0,8790
4736,泰博,上市,131090,1000,3000
6226,光鼎,上市,188000,5000,-58160
8271,宇瞻,上市,157146,0,-22437
009804,聯邦台精彩50,上市,179000,0,-44365
00938,凱基優選30,上市,444000,0,-310056
009809,富邦淨零ESG50,上市,56000,0,77569
1219,福壽,上市,98478,0,33000
00639,富邦深100,上市,-16000,0,146750
1524,耿鼎,上市,130000,0,0
2241,艾姆勒,上市,136808,0,-6837
1419,新紡,上市,123200,2000,4000
2467,志聖,上市,59937,4074,63672
9939,宏全,上市,168538,0,-41092
2707,晶華,上市,124424,0,3000
00989A,主動摩根美國科技,上市,-35000,0,161035
9930,中聯資源,上市,118000,2000,6000
8438,昶昕,上市,121875,0,1410
6409,旭隼,上市,134324,2118,-14148
6573,虹揚-KY,上市,120000,0,922
7827,漢康-KY創,上市,125500,0,-6007
1110,東泥,上市,116000,0,3000
7780,大研生醫*,上市,113000,0,4859
1721,國慶科技,上市,116300,0,1000
4155,訊映,上市,113211,0,1000
5243,乙盛-KY,上市,122325,0,-8201
3052,夆典,上市,112071,0,2000
6177,達麗,上市,35140,0,78000
4576,大銀微系統,上市,106008,0,5191
9925,新保,上市,81000,0,30000
2101,南港,上市,99316,0,11594
6669,緯穎,上市,-323587,454088,-20384
4956,光鋐,上市,110000,0,0
1808,潤隆,上市,102413,0,6000
009820,元大納斯達克精選,上市,-110000,0,217894
6861,睿生光電,上市,105792,0,1971
00701,國泰股利精選30,上市,-11000,0,118487
00675L,富邦臺灣加權正2,上市,82000,0,25357
1904,正隆,上市,82676,0,23923
9927,泰銘,上市,27000,0,79000
00944,野村趨勢動能高息,上市,68000,0,35033
6789,采鈺,上市,123911,1000,-21904
00634R,富邦上証反1,上市,0,0,103000
3701,大眾控,上市,99000,0,3929
1522,堤維西,上市,102436,0,-715
6585,鼎基,上市,98398,1000,558
6805,富世達,上市,-18607,113000,4106
1618,合機,上市,93000,0,5000
2427,三商電,上市,96000,0,2000
6873,泓德能源,上市,95000,0,2570
4540,全球傳動,上市,97000,0,92
6472,保瑞,上市,109518,0,-14351
6901,鑽石投資,上市,114092,0,-19441
00897,富邦基因免疫生技,上市,-87000,0,181187
1708,東鹼,上市,77030,10000,6943
00912,中信臺灣智慧50,上市,214250,0,-120463
3607,谷崧,上市,92000,0,1000
2753,八方雲集,上市,96000,0,-4827
2316,楠梓電,上市,82179,15000,-6211
8016,矽創,上市,91920,5000,-6056
8454,富邦媒,上市,81982,663,8153
1108,幸福,上市,65000,0,25000
1702,南僑,上市,63000,0,26998
2723,美食-KY,上市,79000,0,10971
7788,松川精密,上市,91000,0,-1421
2385,群光,上市,15517,16570,57487
00982D,主動富邦動態入息,上市,135503,0,-46000
00972,野村日本動能高息,上市,-1000,0,89476
00708L,期元大S&P黃金正2,上市,20000,-3000,71430
00926,凱基全球菁英55,上市,2201,0,86102
2415,錩新,上市,82000,4000,1851
3058,立德,上市,90000,0,-4000
9946,三發地產,上市,75618,7000,1000
2887H,台新新光庚特二,上市,82000,0,0
6412,群電,上市,79000,0,2339
2458,義隆,上市,80638,10000,-9412
6117,迎廣,上市,77199,0,4000
1616,億泰,上市,78000,0,2687
4564,元翎,上市,53000,0,26023
6272,驊陞,上市,79000,0,0
00963,中信全球高股息,上市,117000,0,-38628
3443,創意,上市,184396,-156386,50032
3661,世芯-KY,上市,63270,2000,12201
8478,東哥遊艇,上市,51000,0,26000
6504,南六,上市,52000,0,25000
2102,泰豐,上市,72312,0,4000
6592,和潤企業,上市,66000,0,10056
2010,春源,上市,62000,5000,8999
00636,國泰中國A50,上市,-104000,0,177708
4164,承業醫,上市,69000,0,4000
9940,信義,上市,62000,0,11000
1234,黑松,上市,69000,0,3000
3048,益登,上市,67320,0,1795
3447,展達,上市,72000,0,-3000
6838,台新藥,上市,68000,0,1000
2462,良得電,上市,66000,0,2427
00714,群益道瓊美國地產,上市,80000,0,-12714
00893,國泰智能電動車,上市,412000,0,-345012
2429,銘旺科,上市,70000,0,-4000
9908,大台北,上市,57746,0,8000
3029,零壹,上市,62515,0,3000
4536,拓凱,上市,64000,0,1029
4949,有成精密,上市,66000,0,-1000
00898,國泰基因免疫革命,上市,-2000,0,66606
1446,宏和,上市,62000,0,1000
00653L,富邦印度正2,上市,19000,0,43930
2762,世界健身-KY,上市,61114,0,1000
2207,和泰車,上市,48828,4000,9000
5285,界霖,上市,78190,0,-16403
3312,弘憶股,上市,59000,0,2395
8341,日友,上市,57000,1000,3143
9905,大華,上市,58000,0,3000
2414,精技,上市,83000,4000,-27000
2887E,台新新光戊特一,上市,60000,0,0
2020,美亞,上市,55000,0,4000
1615,大山,上市,57000,1000,1000
2468,華經,上市,61000,0,-2000
6281,全國電,上市,59000,0,0
2636,台驊控股,上市,56132,0,2728
2545,皇翔,上市,75000,0,-16326
2365,昆盈,上市,58000,0,136
3596,智易,上市,58301,0,-312
3138,耀登,上市,60000,0,-2147
1617,榮星,上市,80471,0,-23000
3047,訊舟,上市,55000,0,808
00674R,期元大S&P黃金反1,上市,38000,0,17339
7821,神數,上市,55000,0,0
6605,帝寶,上市,48670,0,6254
3653,健策,上市,-8012,67007,-4270
2368,金像電,上市,140027,-44918,-40812
8404,百和興業-KY,上市,48000,0,6000
00892,富邦台灣半導體,上市,-34088,0,87198
6790,永豐實,上市,48211,2000,2000
3051,力特,上市,49000,0,3000
1457,宜進,上市,49000,0,3000
6579,研揚,上市,64881,0,-13036
0055,元大MSCI金融,上市,-99000,0,150425
2106,建大,上市,31053,0,20000
7711,永擎,上市,40937,0,9396
009810,玉山全球藍籌100,上市,1000,0,49275
8374,羅昇,上市,50000,0,12
00731,復華富時高息低波,上市,-9000,0,58092
6885,全福生技,上市,49003,0,0
4552,力達-KY,上市,48000,0,1000
3716,中化控股,上市,41000,0,8000
4426,利勤,上市,47000,0,2000
6155,鈞寶,上市,44893,3000,1058
1514,亞力,上市,43000,0,5072
1225,福懋油,上市,36000,0,12000
2524,京城,上市,45000,0,3000
6541,泰福-KY,上市,48000,0,0
00700,富邦恒生國企,上市,162000,0,-114398
00643,群益深証中小,上市,16000,0,31555
3550,聯穎,上市,48000,4000,-4473
01007T,兆豐國泰R2,上市,47000,0,0
6152,百一,上市,47000,0,0
2362,藍天,上市,36975,0,9998
2059,川湖,上市,-62173,123034,-13914
3002,歐格,上市,44000,0,2902
2428,興勤,上市,48371,0,-2358
1903,士紙,上市,44000,0,2000
6743,安普新,上市,45000,0,1000
1463,強盛新,上市,45000,0,1000
1466,聚隆,上市,51238,0,-6000
3008,大立光,上市,-317080,422000,-59691
00651R,復華香港反1,上市,0,0,44400
2413,環科,上市,42050,0,2295
2025,千興,上市,38000,0,6000
4133,亞諾法,上市,43000,0,1000
8249,菱光,上市,42000,0,2000
2017,官田鋼,上市,37000,0,7000
7769,鴻勁,上市,74554,-34000,2941
00645,富邦日本,上市,-874,60000,-16020
3712,永崴投控,上市,40000,0,3000
2701,萬企,上市,39000,0,4000
1464,得力,上市,40794,0,2000
7768,頌勝科技,上市,41000,0,1000
8072,陞泰,上市,42000,0,0
3413,京鼎,上市,58375,0,-16481
00875,國泰網路資安,上市,-980,0,42718
2816,旺旺保,上市,41000,0,0
1789,神隆,上市,29000,0,12000
2614,東森,上市,38219,0,2000
2438,翔耀,上市,40000,0,0
4720,德淵,上市,39000,0,916
2706,第一店,上市,11000,0,28000
2434,統懋,上市,35000,0,3886
1413,宏洲,上市,35000,0,3726
2832,台產,上市,32016,0,6000
2227,裕日車,上市,37000,0,1000
2471,資通,上市,38000,0,0
2477,美隆電,上市,36000,0,2000
1342,八貫,上市,33020,1000,3707
1590,亞德客-KY,上市,34193,1000,2528
9911,櫻花,上市,33080,0,4000
2906,高林,上市,35000,0,2000
1806,冠軍,上市,34000,0,3000
2397,友通,上市,34000,0,3000
2480,敦陽科,上市,36000,0,865
6197,佳必琪,上市,45447,0,-8687
9955,佳龍,上市,35000,0,1000
1471,首利,上市,36000,0,0
1432,大魯閣,上市,36000,0,0
2923,鼎固-KY,上市,20000,0,16000
2908,特力,上市,34000,0,2000
4414,如興,上市,33000,0,2000
3054,立萬利,上市,33000,0,1895
4989,榮科,上市,25005,0,9627
8104,錸寶,上市,33000,0,1000
2029,盛餘,上市,29000,0,5000
2233,宇隆,上市,25028,0,8767
00899,FT潔淨能源,上市,-3000,0,36288
3003,健和興,上市,29030,0,4024
1737,臺鹽,上市,31000,0,2000
5225,東科-KY,上市,30183,0,2000
2852,第一保,上市,30101,0,2000
2739,寒舍,上市,32000,0,0
1109,信大,上市,25000,0,7000
1527,鑽全,上市,31000,0,1000
6658,聯策,上市,33000,0,-1520
9924,福興,上市,29094,0,2000
00703,台新MSCI中國,上市,0,0,31002
2453,凌群,上市,30000,0,1000
1537,廣隆,上市,-20000,0,50998
009818,華南永昌NASDAQxT,上市,12000,0,18790
1731,美吾華,上市,29000,0,1000
5907,大洋-KY,上市,29000,0,1000
2444,兆勁,上市,27000,0,3000
4178,永笙-KY,上市,23000,0,7000
6958,日盛台駿,上市,27000,0,3000
8210,勤誠,上市,22449,0,6705
2509,全坤建,上市,29000,0,0
5525,順天,上市,27000,0,2000
4807,日成-KY,上市,27000,0,2000
1597,直得,上市,2851,0,25718
3617,碩天,上市,23000,0,5256
2009,第一銅,上市,17000,0,11015
5515,建國,上市,23350,2000,2620
4569,六方科-KY,上市,27767,0,-200
4104,佳醫,上市,26454,0,918
1783,和康生,上市,26000,0,1000
1539,巨庭,上市,29000,0,-2000
6689,伊雲谷,上市,26000,0,1000
00654R,富邦印度反1,上市,0,0,27000
9937,全國,上市,26000,0,1000
9902,台火,上市,23000,0,3000
8429,金麗-KY,上市,25000,0,1000
5007,三星,上市,25000,0,1000
8442,威宏-KY,上市,17000,0,8000
1598,岱宇,上市,23000,0,2000
2450,神腦,上市,21330,0,3000
2929,淘帝-KY,上市,23000,0,1000
6558,興能高,上市,22000,0,2000
5538,東明-KY,上市,22000,0,2000
4722,國精化,上市,42000,0,-18182
2527,宏璟,上市,-2000,2000,23369
1473,台南,上市,22000,0,1000
8162,微矽電子-創,上市,20000,0,2887
00971,野村美國研發龍頭,上市,1000,0,21831
2404,漢唐,上市,42322,1000,-20678
1582,信錦,上市,26000,0,-3482
00670L,富邦NASDAQ正2,上市,43000,0,-21410
8114,振樺電,上市,25087,0,-3902
4555,氣立,上市,22000,0,-975
4560,強信-KY,上市,20000,0,1000
2939,永邑-KY,上市,21000,0,0
1468,昶和,上市,23000,0,-2000
1726,永記,上市,19000,1000,1000
1203,味王,上市,20000,0,1000
1451,年興,上市,19000,0,2000
6902,GOGOLOOK,上市,24000,0,-3000
5546,永固-KY,上市,21000,0,0
6115,鎰勝,上市,19000,0,2000
3266,昇陽,上市,20000,0,1000
5706,鳳凰,上市,19000,0,1868
6923,中台,上市,20000,0,641
1786,科妍,上市,19000,0,1500
009808,華南永昌優選50,上市,28000,0,-7899
6698,旭暉應材,上市,19000,0,1000
7822,倍利科,上市,20000,0,0
6184,大豐電,上市,18000,0,2000
1805,寶徠,上市,19000,0,1000
2430,燦坤,上市,17000,0,3000
2546,根基,上市,19000,0,1000
3015,全漢,上市,13000,6000,765
00770,國泰北美科技,上市,5000,0,14664
6657,華安,上市,18000,0,1000
1817,凱撒衛,上市,19000,0,0
2008,高興昌,上市,17000,0,2000
00852L,國泰美國道瓊正2,上市,0,0,18109
5522,遠雄,上市,5037,5000,8000
7610,聯友金屬-創,上市,12000,0,6000
4148,全宇生技-KY,上市,17000,0,1000
2516,新建,上市,16000,0,2000
3059,華晶科,上市,37404,0,-19747
4770,上品,上市,20930,0,-3823
4562,穎漢,上市,15000,0,2000
1235,興泰,上市,16000,0,1000
6835,圓裕,上市,17000,0,0
6216,居易,上市,14000,0,2880
7740,熙特爾-創,上市,15755,0,1035
006206,元大上證50,上市,-20000,0,36290
00709,富邦歐洲,上市,1000,6000,9266
8466,美吉吉-KY,上市,16000,0,0
8367,建新國際,上市,16000,0,0
3501,維熹,上市,15000,0,1000
2702,華園,上市,15000,0,1000
2420,新巨,上市,14000,0,2000
5215,科嘉-KY,上市,16000,0,-123
7749,意騰-KY,上市,17022,0,-1437
00668,國泰美國道瓊,上市,5000,0,10164
5531,鄉林,上市,6062,0,9000
6994,富威電力,上市,9000,0,6061
1612,宏泰,上市,-22999,2000,36019
1906,寶隆,上市,14000,0,1000
7765,中華資安,上市,13000,0,2000
8411,福貞-KY,上市,13000,0,2000
5533,皇鼎,上市,2000,0,13000
2705,六福,上市,19000,0,-4000
00737,國泰AI機器人,上市,28000,0,-13083
5284,jpp-KY,上市,25200,0,-10912
6525,捷敏-KY,上市,10825,3000,338
2910,統領,上市,19000,0,-4922
2012,春雨,上市,13000,0,1000
8488,吉源-KY,上市,14000,0,0
9943,好樂迪,上市,12920,0,1000
3622,洋華,上市,1000,0,12826
8462,柏文,上市,12650,0,1000
4585,達明,上市,13000,0,188
3025,星通,上市,-9932,0,23000
2616,山隆,上市,12000,0,1000
2433,互盛電,上市,11000,0,2000
1506,正道,上市,12000,0,1000
1417,嘉裕,上市,12000,0,1000
7705,三商餐飲,上市,13000,0,0
6965,中傑-KY,上市,13000,0,0
9918,欣天然,上市,11000,0,2000
9944,新麗,上市,12000,0,1000
6581,鋼聯,上市,13000,0,0
8011,台通,上市,12000,0,1000
00656R,國泰中國A50反1,上市,0,0,12750
9926,新海,上市,11000,0,1000
8463,潤泰材,上市,10000,0,2000
6914,阜爾運通,上市,11000,0,1000
2248,華勝-KY,上市,12000,0,0
3040,遠見,上市,11000,0,1000
1315,達新,上市,12000,0,0
1437,勤益控,上市,12000,0,0
6443,元晶,上市,5950,0,6000
00647L,元大S&P500正2,上市,5000,0,6879
6534,正瀚-創,上市,12000,0,-270
6591,動力-KY,上市,10000,0,1729
00903,富邦元宇宙,上市,190000,0,-178402
2201,裕隆,上市,-2720,0,14284
2514,龍邦,上市,6000,0,5510
2748,雲品,上市,9390,0,2000
4930,燦星網,上市,11030,0,0
2007,燁興,上市,7000,0,4000
2722,夏都,上市,8000,0,3000
3679,新至陞,上市,11000,0,0
1220,台榮,上市,9000,0,2000
9934,成霖,上市,2000,0,9000
8443,阿瘦,上市,10000,0,1000
2062,橋椿,上市,7000,0,3512
3346,麗清,上市,9000,0,1162
4438,廣越,上市,10000,0,0
1445,大宇,上市,10000,0,0
7835,永悅健康-創,上市,10000,0,0
6792,詠業,上市,9000,0,1000
6464,台數科,上市,10000,0,0
9912,偉聯,上市,10000,0,0
020037,元大金融高股息N,上市,0,0,10000
5234,達興材料,上市,110000,0,-100393
2491,吉祥全,上市,10200,3000,-4000
4583,台灣精銳,上市,10000,0,-961
6136,富爾特,上市,8000,0,1000
1531,高林股,上市,8000,0,1000
2642,宅配通,上市,7000,0,2000
3557,嘉威,上市,8000,0,1000
1454,台富,上市,9000,0,0
3257,虹冠電,上市,5000,0,4000
4746,台耀,上市,-13000,0,21803
00710B,復華彭博非投等債,上市,2000,0,6538
2228,劍麟,上市,8212,0,0
6862,三集瑞-KY,上市,11000,0,-2917
7736,虎山,上市,7000,0,1000
2373,震旦行,上市,7000,0,1000
1439,雋揚,上市,8000,0,0
1236,宏亞,上市,2000,0,6000
1324,地球,上市,8000,0,0
3164,景岳,上市,7000,0,1000
2704,國賓,上市,7000,0,1000
1409,新纖,上市,103000,0,-95517
2109,華豐,上市,5000,0,2000
2115,六暉-KY,上市,6000,0,1000
3011,今皓,上市,6000,0,1000
4545,銘鈺,上市,6000,0,1000
6931,青松健康,上市,7000,0,0
4994,傳奇,上市,5000,0,2000
6201,亞弘電,上市,6000,0,1000
1323,永裕,上市,7000,0,0
01010T,京城樂富R1,上市,7000,0,0
8482,商億-KY,上市,6000,0,1000
9929,秋雨,上市,6000,0,1000
1734,杏輝,上市,4985,0,2000
2013,中鋼構,上市,40000,0,-33113
1558,伸興,上市,6830,0,0
6526,達發,上市,69791,-68000,4819
9933,中鼎,上市,-5535,0,11709
9931,欣高,上市,5000,0,1000
01009T,王道圓滿R1,上市,6000,0,0
6955,邦睿生技-創,上市,2000,0,4000
6794,向榮生技,上市,6000,0,0
1474,弘裕,上市,5000,0,1000
1626,艾美特-KY,上市,5000,0,1000
1410,南染,上市,6000,0,0
2114,鑫永銓,上市,5000,0,1000
2033,佳大,上市,6000,0,0
1443,立益物流,上市,5000,0,1000
1339,昭輝,上市,4000,0,1982
2495,普安,上市,23000,0,-17564
6606,建德工業,上市,4000,0,1000
1614,三洋電,上市,3000,0,2000
1516,川飛,上市,4000,0,1000
1233,天仁,上市,5000,0,0
1475,業旺,上市,5000,0,0
1541,錩泰,上市,4000,0,1000
6754,匯僑設計,上市,4000,0,1000
6936,永鴻生技,上市,5000,0,0
7791,皇家可口,上市,2000,0,3000
8201,無敵,上市,6000,0,-1000
6183,關貿,上市,3000,1000,1000
7730,暉盛-創,上市,4000,0,704
00666R,富邦恒生國企反1,上市,0,0,4650
6957,裕慶-KY,上市,7000,0,-2452
6230,尼得科超眾,上市,2000,0,2238
7722,LINEPAY,上市,1191,1000,2000
6671,三能-KY,上市,-1000,0,5000
6655,科定,上市,4000,0,0
6614,資拓宏宇,上市,4000,0,0
4737,華廣,上市,4000,0,0
00660,元大歐洲50,上市,0,0,4000
1730,花仙子,上市,4000,0,0
910322,康師傅-DR,上市,4000,0,0
8467,波力-KY,上市,4000,0,0
1521,大億,上市,4000,0,0
1725,元禎,上市,4000,0,0
2024,志聯,上市,3000,0,1000
2424,隴華,上市,4000,0,0
2247,汎德永業,上市,4000,0,0
4108,懷特,上市,2000,0,2000
3593,力銘,上市,4000,0,0
2945,三商家購,上市,2000,0,2000
2882A,國泰特,上市,4000,0,0
6807,峰源-KY,上市,3000,0,1000
6771,平和環保-創,上市,1000,0,3000
6582,申豐,上市,4000,0,0
00982T,平衡兆豐台美動能,上市,0,0,3922
0053,元大電子,上市,0,0,3609
1733,五鼎,上市,3340,0,0
4999,鑫禾,上市,4000,0,-838
4566,時碩工業,上市,14455,0,-11332
8045,達運光電,上市,188,0,2830
6952,大武山,上市,3000,0,0
911868,同方友友-DR,上市,3000,0,0
4439,冠星-KY,上市,3000,0,0
3543,州巧,上市,2000,0,1000
3686,達能,上市,3000,0,0
2712,遠雄來,上市,2000,0,1000
2901,欣欣,上市,3000,0,0
1603,華電,上市,2000,0,1000
1525,江申,上市,3000,0,0
1441,大東,上市,3000,0,0
2028,威致,上市,4000,0,-1000
1752,南光,上市,2000,0,1000
6224,聚鼎,上市,0,0,3000
6722,輝創,上市,-1000,0,4000
6776,展碁國際,上市,3000,0,0
7732,金興精密,上市,3000,0,0
1470,大統新創,上市,2000,0,1000
020020,元大台股領航N,上市,0,0,3000
8481,政伸,上市,2000,0,1000
2239,英利-KY,上市,1000,0,1955
0061,元大寶滬深,上市,-3000,0,5525
6277,宏正,上市,-890,0,3000
7631,聚賢研發-創,上市,2000,0,0
6625,必應,上市,1000,0,1000
2881C,富邦金丙特,上市,2000,0,0
00684R,期元大美元指反1,上市,0,0,2000
1418,東華,上市,2000,0,0
6887,寶綠特-KY,上市,2000,0,0
6674,鋐寶科技,上市,1000,0,1000
5244,弘凱,上市,1000,0,1000
1465,偉全,上市,0,0,2000
2887G,台新新光庚特一,上市,2000,0,0
00683L,期元大美元指正2,上市,0,0,1865
00962,台新AI優息動能,上市,20000,0,-18305
3005,神基,上市,-21915,12000,10931
6128,上福,上市,0,0,1012
6431,光麗-KY,上市,0,0,1000
4912,聯德控股-KY,上市,0,0,1000
6796,晉弘,上市,1000,0,0
8940,新天地,上市,0,0,1000
2904,匯僑,上市,0,0,1000
4190,佐登-KY,上市,1000,0,0
4169,泰宗,上市,1000,0,0
1256,鮮活果汁-KY,上市,1000,0,0
1512,瑞利,上市,0,0,1000
1472,三洋實業,上市,1000,0,0
1583,程泰,上市,1000,0,0
2254,巨鎧精密-創,上市,2000,0,-1000
2432,倚天酷碁-創,上市,1000,0,0
5906,台南-KY,上市,1000,0,0
7823,奧義賽博-KY創,上市,1000,0,0
1341,富林-KY,上市,1000,0,0
3043,科風,上市,3000,0,-2000
3018,隆銘綠能,上市,0,0,999
00943,兆豐電子高息等權,上市,-2000,0,2822
6949,沛爾生醫*-創,上市,950,0,-159
00986A,主動台新龍頭成長,上市,11000,0,-10691
9136,巨騰-DR,上市,0,0,88
00689R,國泰20年美債反1,上市,0,0,0
00711B,復華彭博新興債,上市,20000,0,-20000
00668K,國泰美國道瓊+U,上市,0,0,0
00636K,國泰中國A50+U,上市,0,0,0
00625K,富邦上証+R,上市,0,0,0
00643K,群益深証中小+R,上市,0,0,0
00657K,國泰日經225+U,上市,0,0,0
6666,羅麗芬-KY,上市,1000,0,-1000
4581,光隆精密-KY,上市,0,0,0
1456,怡華,上市,8000,0,-8000
1423,利華,上市,0,0,0
1438,三地開發,上市,-2000,0,2000
1416,廣豐,上市,-1000,0,1000
4572,駐龍,上市,-1000,0,1000
3308,聯德,上市,-1000,0,1000
3432,台端,上市,0,0,0
2496,卓越,上市,0,0,0
00707R,期元大S&P日圓反1,上市,0,0,-13
6908,宏碁遊戲-創,上市,-1000,0,973
00702,國泰標普低波高息,上市,80,0,-143
6854,錼創科技-KY創,上市,-6000,0,5774
7750,新代,上市,-7532,5000,2025
2380,虹光,上市,-1000,0,0
7721,微程式,上市,-2000,0,1000
4935,茂林-KY,上市,-3000,0,2000
6225,天瀚,上市,-1000,0,0
00736,國泰新興市場,上市,-1000,0,0
020029,元大ESG高股息N,上市,0,0,-1000
2459,敦吉,上市,-3000,0,2000
3150,鈺寶-創,上市,-1000,0,0
4441,振大環球,上市,-2000,0,1000
4557,永新-KY,上市,-1000,0,0
1538,正峰,上市,-1000,0,0
006204,永豐臺灣加權,上市,-1000,0,-76
00657,國泰日經225,上市,48000,0,-49161
4571,鈞興-KY,上市,-1617,0,0
3035,智原,上市,149610,0,-151251
00904,台新臺灣半導體30,上市,75000,0,-76806
6924,榮惠-KY創,上市,0,0,-1972
6918,愛派司,上市,-2000,0,0
6641,基士德-KY,上市,-7000,0,5000
6934,心誠鎂,上市,-2000,0,0
5258,虹堡,上市,-4000,0,2000
020000,富邦特選蘋果N,上市,0,0,-2000
3494,誠研,上市,-2000,0,0
2881B,富邦金乙特,上市,-2000,0,0
1435,中福,上市,-2000,0,0
1453,大將,上市,-2000,0,0
2002A,中鋼特,上市,-2000,0,0
6906,現觀科,上市,-2000,0,0
020030,統一智慧電動車N,上市,0,0,-2000
00681R,元大美債20反1,上市,115000,0,-117010
00669R,國泰美國道瓊反1,上市,0,0,-2100
6645,金萬林-創,上市,-2000,0,-101
4771,望隼,上市,-3270,0,968
4942,嘉彰,上市,-4000,0,1645
7818,溢泰實業,上市,-6921,0,4000
00717,富邦美國特別股,上市,164000,0,-167000
00851,台新全球AI,上市,0,0,-3000
1587,吉茂,上市,-3000,0,0
4440,宜新實業,上市,-4000,0,1000
3092,鴻碩,上市,-4000,0,995
8473,山林水,上市,3000,0,-6017
2423,固緯,上市,830,0,-4000
00783,富邦中証500,上市,-23000,0,19764
006207,復華滬深,上市,0,0,-3329
6515,穎崴,上市,-9961,4748,1760
5471,松翰,上市,1868,0,-5411
020039,元大加權N,上市,0,0,-4000
00771,元大US高息特別股,上市,0,0,-4000
00775B,台新投等債15+,上市,-4000,0,0
9906,欣巴巴,上市,-9000,0,5000
1533,車王電,上市,-6000,0,2000
3419,譁裕,上市,-5000,0,1000
6951,青新-創,上市,-4000,0,-342
00728,第一金工業30,上市,22000,0,-26569
1449,佳和,上市,-5853,0,1000
1340,勝悅-KY,上市,-6000,0,1000
3168,眾福科,上市,-5000,0,0
8487,愛爾達-創,上市,-5000,0,0
4195,基米-創,上市,-6000,0,999
7799,禾榮科,上市,-6000,0,998
6782,視陽,上市,2141,0,-7145
7786,東方風能,上市,-6350,0,1000
1460,宏遠,上市,-10898,0,5000
5288,豐祥-KY,上市,-6970,4000,-2977
0057,富邦摩台,上市,2,0,-6212
3356,奇偶,上市,-7000,0,177
6916,華凌,上市,-8000,0,1000
5283,禾聯碩,上市,-7000,0,0
6426,統新,上市,-10825,0,3005
3528,安馳,上市,-8000,0,0
3050,鈺德,上市,-11000,0,3000
6921,嘉雨思-創,上市,1000,0,-9004
00678,群益那斯達克生技,上市,-130000,0,121952
6112,邁達特,上市,-5000,0,-3277
5269,祥碩,上市,8626,1000,-18068
3062,建漢,上市,7000,0,-15792
1776,展宇,上市,-10000,0,1000
4588,玖鼎電力,上市,-10000,0,895
2492,華新科,上市,55820,-321000,256048
3027,盛達,上市,-12000,0,2867
8464,億豐,上市,-26256,13000,4090
5292,華懋,上市,-7000,0,-2252
8996,高力,上市,266349,-268000,-7690
1104,環泥,上市,-18000,0,8642
3592,瑞鼎,上市,-8780,0,-950
4906,正文,上市,13704,0,-23954
2250,IKKA-KY,上市,-10180,0,-197
4137,麗豐-KY,上市,-13000,0,2000
5306,桂盟,上市,3000,0,-14000
2483,百容,上市,25000,0,-36000
2107,厚生,上市,-31663,0,20000
2851,中再保,上市,-22000,0,10324
00401A,主動摩根台灣鑫收,上市,1018150,0,-1029938
3296,勝德,上市,-14000,0,1000
1707,葡萄王,上市,-22000,0,9000
7803,雲象科技-創,上市,-12000,0,-1000
1736,喬山,上市,1709,-20000,4999
00652,富邦印度,上市,198152,55000,-266507
6933,AMAX-KY,上市,-10702,0,-3123
020031,統一IC設計臺灣N,上市,0,0,-14000
00861,元大全球未來通訊,上市,78023,0,-92123
00908,富邦入息REITs+,上市,67000,0,-81158
3311,閎暉,上市,-16000,0,1750
1762,中化生,上市,-17028,0,2241
2231,為升,上市,-13000,0,-1970
2314,台揚,上市,-15000,0,0
8499,鼎炫-KY,上市,-16000,0,566
2731,雄獅,上市,-22000,0,6000
4106,雃博,上市,-13000,0,-3000
1760,寶齡富錦,上市,-18000,0,2000
1530,亞崴,上市,-18360,0,1722
6215,和椿,上市,-13000,0,-3900
2882B,國泰金乙特,上市,-10000,0,-7000
3705,永信,上市,-19000,0,2000
2611,志信,上市,-19730,0,2000
2613,中櫃,上市,-19000,0,1000
1529,樂事綠能,上市,-19000,0,1000
3338,泰碩,上市,-20046,0,2009
0051,元大中型100,上市,2037,0,-20421
3530,晶相光,上市,-22052,0,3556
7760,享溫馨,上市,-25000,0,6000
3004,豐達科,上市,-17603,0,-2222
2506,太設,上市,-24000,0,4000
6235,華孚,上市,-26000,0,6000
9942,茂順,上市,-20000,0,0
006203,元大MSCI台灣,上市,5001,0,-25273
8070,長華*,上市,-20893,1000,-904
1535,中宇,上市,-22000,0,1000
00895,富邦未來車,上市,164000,0,-185301
2387,精元,上市,-24000,0,2437
2069,運錩,上市,-24000,0,2000
6024,群益期,上市,-26000,1000,3000
5236,凌陽創新,上市,-22282,0,-269
2421,建準,上市,-9680,0,-12953
4961,天鈺,上市,-23623,0,713
6133,金橋,上市,-24000,0,1000
2312,金寶,上市,190166,0,-213508
00739,元大MSCI A股,上市,-13000,0,-10926
02001L,富邦蘋果正二N,上市,0,0,-24000
1338,廣華-KY,上市,-26000,0,2000
2439,美律,上市,-13000,0,-11924
2440,太空梭,上市,-26000,0,1000
2607,榮運,上市,-32000,0,7000
3652,精聯,上市,-29000,0,3944
2488,漢平,上市,-27687,0,1002
3057,喬鼎,上市,-28000,0,1000
6278,台表科,上市,12000,8000,-47835
6192,巨路,上市,-32000,0,2000
3437,榮創,上市,-28966,0,-2000
00983A,主動中信ARK創新,上市,-294000,0,262573
1452,宏益,上市,-33000,0,1000
4739,康普,上市,-26162,0,-6071
6781,AES-KY,上市,-27180,0,-5649
1623,大東電,上市,-34883,0,1000
2364,倫飛,上市,-34000,0,1
6799,來頡,上市,-34055,0,-397
6189,豐藝,上市,-29000,0,-6177
2023,燁輝,上市,-60225,0,25000
8103,瀚荃,上市,-23415,0,-12360
2032,新鋼,上市,-37415,0,1000
6416,瑞祺電通,上市,-33950,0,-3000
1563,巧新,上市,-38969,0,2000
7795,長廣,上市,-38338,0,1000
6202,盛群,上市,4271,0,-42155
6491,晶碩,上市,-39941,0,811
5484,慧友,上市,-37000,0,-3000
3321,同泰,上市,-40000,0,0
2347,聯強,上市,-150519,42000,67704
4766,南寶,上市,-45000,2000,1401
6830,汎銓,上市,-73765,35000,-2851
2482,連宇,上市,-44080,0,2083
3046,建碁,上市,-52726,0,8000
2535,達欣工,上市,-49150,0,4319
00885,富邦越南,上市,-127000,0,82039
2038,海光,上市,-47000,0,2000
00733,富邦臺灣中小,上市,28910,0,-75607
2357,華碩,上市,-566803,553849,-34168
4582,聚恆-創,上市,-57000,0,9725
5434,崇越,上市,-63534,12117,3041
2204,中華,上市,-58252,0,9659
00954,中信日本半導體,上市,233000,0,-281595
2911,麗嬰房,上市,-50000,0,1000
2913,農林,上市,-62201,0,12761
6756,威鋒電子,上市,-50000,0,22
2383,台光電,上市,-27265,-23967,1252
3021,鴻名,上市,-51000,0,1000
00876,元大全球5G,上市,187036,0,-237999
6552,易華電,上市,-51000,0,0
3229,晟鈦,上市,-57000,0,6000
1713,國化,上市,-53000,0,1000
912000,晨訊科-DR,上市,-52000,0,0
6909,創控,上市,-55000,0,1000
1444,力麗,上市,-48100,36000,-43000
3031,佰鴻,上市,-59000,0,3733
9935,慶豐富,上市,-57817,0,2000
6533,晶心科,上市,-55834,0,-64
006205,富邦上証,上市,-22000,40000,-74418
1540,喬福,上市,-58000,0,1000
4119,旭富,上市,-60000,0,3000
00911,兆豐洲際半導體,上市,5535,0,-62582
4532,瑞智,上市,-65000,0,7652
2022,聚亨,上市,-60000,0,2000
8105,凌巨,上市,-75000,9000,7594
00965,元大航太防衛科技,上市,92000,0,-150930
6715,嘉基,上市,20014,-81000,1996
6283,淳安,上市,-59000,0,0
2431,聯昌,上市,-62000,0,2911
3515,華擎,上市,-61775,0,1848
2460,建通,上市,-63000,0,3000
2030,彰源,上市,-64655,0,4000
2417,圓剛,上市,-59969,0,-1000
6108,競國,上市,-57000,0,-4000
020034,元大IC設計N,上市,0,0,-61000
6863,永道-KY,上市,-48832,0,-12739
3017,奇鋐,上市,-243809,168000,12660
3038,全台,上市,-66000,0,2000
3588,通嘉,上市,-64980,0,266
4590,富田-創,上市,-64000,0,-803
5608,四維航,上市,-69000,0,3000
00762,元大全球AI,上市,29000,0,-95424
3518,柏騰,上市,-68002,0,1000
3535,晶彩科,上市,-69265,0,1790
6668,中揚光,上市,-69000,0,1000
1735,日勝化,上市,-63000,0,-5819
1732,毛寶,上市,-70900,0,0
2612,中航,上市,-73136,0,1840
4916,事欣科,上市,-33000,1000,-43222
1568,倉佑,上市,-77000,0,1625
5607,遠雄港,上市,-81282,0,4000
00921,兆豐龍頭等權重,上市,1000,0,-79309
6937,天虹,上市,1067,-1000,-78662
1455,集盛,上市,-88530,0,8784
2390,云辰,上市,-90141,0,9828
2345,智邦,上市,-29969,-44000,-7868
6438,迅得,上市,-75000,0,-6948
6753,龍德造船,上市,11415,0,-93862
3130,一零四,上市,-82960,0,0
6969,成信實業*-創,上市,-83000,0,-768
2465,麗臺,上市,-86549,0,2000
00941,中信上游半導體,上市,556012,0,-640575
00661,元大日經225,上市,-55000,0,-30140
00987A,主動台新優勢成長,上市,176400,0,-262340
4967,十銓,上市,-73870,0,-12447
2474,可成,上市,-281667,170000,24688
1201,味全,上市,-94000,0,6758
8110,華東,上市,-90500,0,1903
5534,長虹,上市,-95583,0,6693
00730,富邦臺灣優質高息,上市,-42000,0,-46979
4526,東台,上市,-76920,0,-12176
3533,嘉澤,上市,-83677,1000,-7568
8215,明基材,上市,-93000,0,-608
6672,騰輝電子-KY,上市,-69464,3000,-27240
00648R,元大S&P500反1,上市,0,0,-95000
6598,ABC-KY,上市,-100000,0,2334
4968,立積,上市,-97996,0,-732
8163,達方,上市,-94000,0,-5133
4952,凌通,上市,-103000,0,2882
3055,蔚華科,上市,79724,0,-180811
3563,牧德,上市,-97000,0,-4794
2340,台亞,上市,-81901,0,-20264
6477,安集,上市,-106400,0,3544
9904,寶成,上市,114132,38000,-260341
5222,全訊,上市,-107746,0,-1222
3094,聯傑,上市,-110041,0,1000
2442,新美齊,上市,-115000,0,2000
3665,貿聯-KY,上市,-329354,240029,-25327
3380,明泰,上市,-113946,0,-1938
2838,聯邦銀,上市,-193239,7000,66864
1909,榮成,上市,-150140,0,30000
2243,宏旭-KY,上市,-124930,2000,992
2497,怡利電,上市,-118000,0,-3941
3416,融程電,上市,-111650,0,-10994
00690,兆豐藍籌30,上市,46021,0,-170377
1316,上曜,上市,-131000,0,6000
3673,TPK-KY,上市,-11575,4000,-119161
00992A,主動群益科技創新,上市,18254758,0,-18382425
2548,華固,上市,-127000,0,-1750
1231,聯華食,上市,-133000,0,3973
00930,永豐ESG低碳高息,上市,-92000,0,-37912
3014,聯陽,上市,-137000,0,5523
4977,眾達-KY,上市,-117376,0,-16152
6206,飛捷,上市,-103000,0,-31533
3708,上緯投控,上市,-145990,0,6923
00946,群益科技高息成長,上市,-384000,0,244926
6944,兆聯實業,上市,-147117,0,6294
2605,新興,上市,389190,4000,-538876
00920,富邦ESG綠色電力,上市,133000,0,-280060
8021,尖點,上市,-43617,-83000,-22000
00402A,主動安聯美國科技,上市,-55000,0,-95032
6196,帆宣,上市,-184891,32000,2836
6928,攸泰科技,上市,-152000,0,1000
1337,再生-KY,上市,-159000,0,2000
6742,澤米,上市,-159000,0,596
00894,中信小資高價30,上市,111900,0,-274208
3305,昇貿,上市,-128538,0,-34037
1611,中電,上市,-167000,0,2202
2405,輔信,上市,-168000,0,2000
00905,FT臺灣Smart,上市,220000,0,-386591
4306,炎洲,上市,-172000,0,5000
3167,大量,上市,153892,-356000,30949
6695,芯鼎,上市,-173000,0,1467
6831,邁科,上市,-85659,-96000,9500
2617,台航,上市,-68000,0,-107511
6442,光聖,上市,-228734,32000,19209
6451,訊芯-KY,上市,-192363,0,13396
00641R,富邦日本反1,上市,0,0,-181528
2855,統一證,上市,-615705,434000,0
2338,光罩,上市,-178151,0,-4074
4142,國光生,上市,-192000,0,7000
8213,志超,上市,-197983,0,12001
3060,銘異,上市,-193238,7000,-82
3591,艾笛森,上市,-180000,0,-8934
2328,廣宇,上市,-179860,0,-9600
9919,康那香,上市,-193000,0,2000
4755,三福化,上市,-192036,0,845
00913,兆豐台灣晶圓製造,上市,336000,0,-527400
2528,皇普,上市,-151000,0,-45000
2402,毅嘉,上市,-160000,0,-38505
5519,隆大,上市,-40820,0,-159161
2359,所羅門,上市,-163763,0,-36409
5469,瀚宇博,上市,-205010,0,3701
2606,裕民,上市,-95982,-1000,-110850
3030,德律,上市,-190043,0,-18573
1503,士電,上市,-254563,0,42688
6719,力智,上市,-151502,0,-60882
009802,富邦旗艦50,上市,-1175000,0,958945
1905,華紙,上市,-66050,0,-151905
8222,寶一,上市,-212350,0,-6000
2342,茂矽,上市,-221800,0,1197
9938,百和,上市,-416898,0,194640
3576,聯合再生,上市,-277369,0,48000
2349,錸德,上市,-235960,0,6000
6691,洋基工程,上市,-231739,5000,-4007
00633L,富邦上証正2,上市,225000,0,-456280
1436,華友聯,上市,-233998,0,2000
2236,百達-KY,上市,-233000,0,-1000
4934,太極,上市,-240000,0,3000
2331,精英,上市,-283000,0,43843
3545,敦泰,上市,-232301,0,-7390
2481,強茂,上市,5570432,-5624000,-192426
3376,新日興,上市,166505,-500000,86588
00663L,國泰臺灣加權正2,上市,131000,0,-384916
3022,威強電,上市,-215962,0,-38000
6165,浪凡,上市,-252991,0,-2000
2363,矽統,上市,-197800,0,-64363
6834,天二科技,上市,-261250,3000,-4413
3504,揚明光,上市,-266269,0,2133
9103,美德醫療-DR,上市,-269000,0,-686
6142,友勁,上市,-279616,0,3036
2072,世紀風電,上市,-281267,0,2000
00951,台新日本半導體,上市,308220,0,-588973
00850,元大臺灣ESG永續,上市,6000,0,-291466
2382,廣達,上市,-3270469,2551443,433375
3694,海華,上市,-273000,0,-14098
3044,健鼎,上市,-380575,12105,77052
2108,南帝,上市,-316000,4000,16705
1229,聯華,上市,-330344,3000,30914
3010,華立,上市,-300486,0,3986
3605,宏致,上市,-292668,0,-6314
2426,鼎元,上市,-305887,0,2145
3135,凌航,上市,-303990,0,-201
6947,台鎔科技,上市,-307000,0,0
3209,全科,上市,-307998,0,-2851
3711,日月光投控,上市,-604841,162664,130636
6446,藥華藥,上市,-457050,125300,18552
1517,利奇,上市,-331800,0,8147
1325,恆大,上市,-329000,0,1000
2476,鉅祥,上市,-350505,0,7958
1440,南紡,上市,-369000,0,24235
2308,台達電,上市,897784,-1084364,-158332
9914,美利達,上市,-345562,0,-1212
3024,憶聲,上市,-350000,0,2000
2360,致茂,上市,-605779,254654,1964
6168,宏齊,上市,-353040,0,2081
1723,中碳,上市,-336180,0,-15026
3669,圓展,上市,-326432,0,-25000
2329,華泰,上市,-312752,0,-39295
2457,飛宏,上市,-352167,0,-2533
2014,中鴻,上市,-377000,0,20000
00952,凱基台灣AI50,上市,-221000,0,-148968
1773,勝一,上市,-359250,0,-12317
2637,慧洋-KY,上市,-998981,610000,9155
2034,允強,上市,-308000,0,-76829
2912,統一超,上市,-1062484,637000,27401
6757,台灣虎航,上市,-403938,0,5000
6239,力成,上市,-596876,-231196,428740
00692,富邦公司治理,上市,161200,0,-560603
2455,全新,上市,-274297,30000,-164808
3041,揚智,上市,-416000,0,754
1608,華榮,上市,-418000,0,-1288
8476,台境*,上市,-427597,5000,2000
00964,中信亞太高股息,上市,-70000,0,-353000
6456,GIS-KY,上市,-413198,0,-16137
9907,統一實,上市,-474000,0,35000
00945B,凱基美國非投等債,上市,574000,0,-1015913
3019,亞光,上市,-269000,0,-174397
1307,三芳,上市,-456000,0,4817
00996A,主動兆豐台灣豐收,上市,-265000,0,-187658
2601,益航,上市,-459000,0,5000
1504,東元,上市,-270489,-147000,-44311
00865B,國泰US短期公債,上市,87000,0,-551096
3704,合勤控,上市,-443662,0,-21105
00902,中信電池及儲能,上市,-24000,0,-443121
1536,和大,上市,-312219,0,-157798
6191,精成科,上市,-467781,0,-2617
6285,啟碁,上市,-527554,60000,-7083
2498,宏達電,上市,-380294,0,-103599
6962,奕力-KY,上市,-491000,0,2580
009803,玉山市值動能50,上市,-146000,0,-359899
00735,國泰臺韓科技,上市,158680,0,-668098
3042,晶技,上市,800416,-1187000,-127650
2436,偉詮電,上市,-484864,0,-30817
00923,群益台ESG低碳50,上市,-324000,0,-204010
9921,巨大,上市,-514891,0,-18421
8081,致新,上市,-539752,0,-2733
2401,凌陽,上市,-528469,0,-25851
3717,聯嘉投控,上市,-673928,0,116737
6269,台郡,上市,-542000,0,-19979
2392,正崴,上市,-523016,0,-41427
3026,禾伸堂,上市,-67209,-481000,-28495
3149,正達,上市,-594252,0,1772
00404A,主動聯博動能50,上市,-644000,0,45492
1513,中興電,上市,-530995,-2000,-71355
6209,今國光,上市,-648173,0,34377
00408A,主動第一金優股息,上市,20000,0,-647063
2374,佳能,上市,-632000,0,-2597
1609,大亞,上市,-640970,1000,-2829
1532,勤美,上市,-650977,0,5637
3714,富采,上市,-655969,0,-350
6176,瑞儀,上市,-642000,4000,-37134
2330,台積電,上市,-2661754,566855,1410349
00980A,主動野村臺灣優選,上市,684000,0,-1371906
2305,全友,上市,-700013,5000,1030
3189,景碩,上市,-252690,-150904,-302169
2466,冠西電,上市,-723710,7000,-904
2369,菱生,上市,-703613,0,-29820
3028,增你強,上市,-746000,0,7434
2388,威盛,上市,-717000,0,-23330
1215,卜蜂,上市,-745750,0,-2460
1810,和成,上市,-770954,0,11842
8131,福懋科,上市,-735704,0,-32598
2393,億光,上市,-842595,0,60391
3006,晶豪科,上市,-837882,0,43929
6243,迅杰,上市,-796000,0,-300
00830,國泰費城半導體,上市,426742,0,-1234328
3702,大聯大,上市,-902148,43946,48499
00934,中信成長高股息,上市,-274000,0,-543855
00984A,主動安聯台灣高息,上市,411100,0,-1248681
2352,佳世達,上市,-1233168,0,379135
2376,技嘉,上市,-1642708,650094,122010
2425,承啟,上市,-875428,3000,-1000
00947,台新臺灣IC設計,上市,-510347,0,-372343
8926,台汽電,上市,-907955,0,13648
2454,聯發科,上市,-442923,-377829,-99573
00896,中信綠能及電動車,上市,151027,0,-1143630
3037,欣興,上市,-1282863,-30000,311413
2354,鴻準,上市,-988998,1000,-38535
6257,矽格,上市,-911189,12134,-128753
1717,長興,上市,-1339851,190620,113983
6153,嘉聯益,上市,-1100000,0,15000
2105,正新,上市,-1442760,21000,335834
3706,神達,上市,-899299,48000,-236147
2208,台船,上市,-1109793,0,15000
2103,台橡,上市,-1232000,0,136051
2501,國建,上市,-1146606,8000,23729
1218,泰山,上市,-1225980,0,79716
2484,希華,上市,-1247064,7000,-4605
4763,材料*-KY,上市,-1253922,0,-3959
006208,富邦台50,上市,-141700,15000,-1168608
00927,群益半導體收益,上市,412200,0,-1724348
1434,福懋,上市,-1360000,0,24015
2356,英業達,上市,-1472833,182832,-151805
2451,創見,上市,-1543836,9000,69249
1308,亞聚,上市,-1394000,0,-84592
1309,台達化,上市,-1555000,0,-2234
6141,柏承,上市,-1639171,0,2000
00985B,群益ESG投等債0-5,上市,-955000,0,-691908
00662,富邦NASDAQ,上市,32591,0,-1752897
2609,陽明,上市,-1705641,-4387,-74557
8422,可寧衛*,上市,-1800950,23000,-10786
00922,國泰台灣領袖50,上市,1139164,0,-2930503
2449,京元電子,上市,-1502065,-89145,-207157
2542,興富發,上市,-2213210,95600,233896
00881,國泰台灣科技龍頭,上市,-146977,0,-1744490
2615,萬海,上市,-1442824,74787,-572779
6120,達運,上市,-2086000,0,69678
3033,威健,上市,-1815000,4000,-231268
1305,華夏,上市,-1959970,0,-92843
00990A,主動元大AI新經濟,上市,-2070500,0,-117787
2323,中環,上市,-2154453,0,-42228
2301,光寶科,上市,-2706898,447053,-13024
00637L,元大滬深300正2,上市,-117000,0,-2160389
2406,國碩,上市,-2340942,16000,24865
1313,聯成,上市,-2345900,0,-56337
2324,仁寶,上市,-2106822,50349,-658032
00935,野村臺灣新科技50,上市,-484631,134000,-2507980
6139,亞翔,上市,-2479347,-236000,-162139
2337,旺宏,上市,-3017497,-288000,211936
1710,東聯,上市,-3225084,0,-182297
1304,台聚,上市,-3145000,0,-267662
1326,台化,上市,-3037008,0,-402537
00993A,主動安聯台灣,上市,-1242000,0,-2271801
1605,華新,上市,-3532144,963,-18222
2104,國際中橡,上市,-3846861,0,13379
2891,中信金,上市,-6243665,413602,1972053
8039,台虹,上市,-2248227,-1946000,328303
00961,FT臺灣永續高息,上市,-338000,0,-3640297
00891,中信關鍵半導體,上市,-2547886,0,-1823060
2515,中工,上市,-4485440,0,-7357
0052,富邦科技,上市,154079,0,-4962755
00982A,主動群益台灣強棒,上市,-1312589,0,-3551708
00673R,期元大S&P原油反1,上市,-190000,0,-4799322
1301,台塑,上市,-5066133,0,-288831
1312,國喬,上市,-6806953,0,-886355
00984D,主動聯博全球非投,上市,324000,0,-9135122
2409,友達,上市,-7943636,33255,-1184964
00929,復華台灣科技優息,上市,1033867,0,-10859636
1314,中石化,上市,-9711900,0,-129663
2344,華邦電,上市,-10620356,149119,617639
00991A,主動復華未來50,上市,-718650,0,-10686081
2634,漢翔,上市,-10323869,29000,-1125955
8112,至上,上市,-11243042,0,-441656
00878,國泰永續高股息,上市,-4261692,0,-8576199
00988A,主動統一全球創新,上市,3809010,0,-17063072
00400A,主動國泰動能高息,上市,-1531670,0,-11775934
00953B,群益優選非投等債,上市,-2913000,550000,-12437925
00407A,主動凱基台灣,上市,317300,0,-16056646
00405A,主動富邦台灣龍耀,上市,-3560780,0,-13565501
0056,元大高股息,上市,1336934,-90000,-23658753
00981A,主動統一台股增長,上市,12943580,0,-36365793
00631L,元大台灣50正2,上市,-7155867,0,-21914843
0050,元大台灣50,上市,-4722183,0,-32489254
009816,凱基台灣TOP50,上市,1776006,0,-43769886
00685L,群益臺灣加權正2,上市,1944400,0,-71179960
00406A,主動中信台灣收益,上市,388300,0,-86416200
00403A,主動統一升級50,上市,-2459014,0,-92042297
006201,元大富櫃50,上櫃,37000,0,-21715
00679B,元大美債20年,上櫃,3278788,0,9811728
00687B,國泰20年美債,上櫃,2494000,0,8346605
00687C,國泰20年美債+櫃U,上櫃,0,0,0
00694B,富邦美債1-3,上櫃,0,0,-8261
00695B,富邦美債7-10,上櫃,61000,0,-39266
00696B,富邦美債20年,上櫃,734000,0,-340086
00697B,元大美債7-10,上櫃,0,0,12889
00719B,元大美債1-3,上櫃,-105000,0,-273530
00720B,元大投資級公司債,上櫃,911000,0,2027117
00722B,群益投資級電信債,上櫃,45000,0,-94061
00723B,群益投資級科技債,上櫃,-11000,0,8498
00724B,群益投資級金融債,上櫃,126000,0,4331
00725B,國泰投資級公司債,上櫃,72000,0,640990
00726B,國泰新興投等債,上櫃,1000,0,-59220
00727B,國泰優選非投等債,上櫃,0,0,9711
00734B,台新JPM新興債,上櫃,34000,0,0
00740B,富邦全球投等債,上櫃,627000,115000,-676792
00741B,富邦全球非投等債,上櫃,2000,17000,-25038
00746B,富邦A級公司債,上櫃,137000,0,-102101
00749B,凱基新興債10+,上櫃,0,0,0
00750B,凱基科技債10+,上櫃,-1000,0,0
00751B,元大AAA至A公司債,上櫃,920631,0,562392
00754B,群益AAA-AA公司債,上櫃,-23000,0,1000
00755B,群益投資級公用債,上櫃,-20000,0,28001
00756B,群益投等新興公債,上櫃,0,0,15
00758B,復華能源債,上櫃,0,0,0
00759B,復華製藥債,上櫃,14000,0,-13999
00760B,復華新興企業債,上櫃,1000,0,229
00761B,國泰A級公司債,上櫃,202000,0,-193028
00764B,群益25年美債,上櫃,365000,0,54717
00768B,復華20年美債,上櫃,594000,0,-560801
00772B,中信高評級公司債,上櫃,220000,0,550530
00773B,中信優先金融債,上櫃,587000,0,-82570
00777B,凱基AAA至A公司債,上櫃,2000,0,0
00778B,凱基金融債20+,上櫃,0,0,0
00779B,凱基美債25+,上櫃,-2000,0,1000
00780B,國泰A級金融債,上櫃,0,0,0
00781B,國泰A級科技債,上櫃,0,0,61000
00782B,國泰A級公用債,上櫃,0,0,36033
00785B,富邦金融投等債,上櫃,3000,0,-2873
00786B,元大10年IG銀行債,上櫃,5000,0,25000
00787B,元大10年IG醫療債,上櫃,0,0,5000
00788B,元大10年IG電能債,上櫃,0,0,40000
00789B,復華公司債A3,上櫃,-6000,0,0
00791B,復華信用債1-5,上櫃,0,0,0
00792B,群益A級公司債,上櫃,-32000,0,38958
00793B,群益AAA-A醫療債,上櫃,-20000,0,22006
00795B,中信美國公債20年,上櫃,1435000,0,2407230
00799B,國泰A級醫療債,上櫃,0,0,13999
00834B,第一金金融債10+,上櫃,0,0,0
00836B,永豐10年A公司債,上櫃,0,0,-440
00840B,凱基IG精選15+,上櫃,0,0,0
00841B,凱基AAA-AA公司債,上櫃,0,0,0
00842B,台新美元銀行債,上櫃,0,0,-16062
00844B,台新15年IG金融債,上櫃,40000,0,-39000
00845B,富邦新興投等債,上櫃,0,0,-1015
00846B,富邦歐洲銀行債,上櫃,0,0,0
00847B,中信美國市政債,上櫃,0,0,0
00848B,中信新興亞洲債,上櫃,0,0,30
00849B,中信EM主權債0-5,上櫃,0,0,4994
00853B,統一美債10年Aa-A,上櫃,265000,0,-240795
00856B,永豐1-3年美公債,上櫃,0,0,3001
00857B,永豐20年美公債,上櫃,244000,0,799244
00858,永豐美國500大,上櫃,1150,0,-72873
00859B,群益0-1年美債,上櫃,16000,0,-255090
00860B,群益1-5Y投資級債,上櫃,-1000,0,3950
00862B,中信投資級公司債,上櫃,13000,0,2564
00863B,中信全球電信債,上櫃,10000,0,-10000
00864B,中信美國公債0-1,上櫃,300000,0,-528000
00867B,台新A-BBB電信債,上櫃,0,0,0
00870B,元大15年EM主權債,上櫃,1000,0,-1000
00877,復華中國5G,上櫃,131000,0,-302750
00884B,中信低碳新興債,上櫃,0,0,35
00886,永豐美國科技,上櫃,0,0,-1570
00887,永豐中國科技50大,上櫃,248000,0,-465801
00888,永豐台灣ESG,上櫃,-39530,0,-9550683
00890B,凱基ESG BBB債15+,上櫃,1000,0,0
00928,中信上櫃ESG 30,上櫃,40100,0,-98332
00931B,統一美債20年,上櫃,497000,0,564346
00933B,國泰10Y+金融債,上櫃,949000,0,3123594
00937B,群益ESG投等債20+,上櫃,8878000,0,4656084
00942B,台新美A公司債20+,上櫃,572000,0,-231415
00948B,中信優息投資級債,上櫃,202000,0,936331
00950B,凱基A級公司債,上櫃,1548000,0,1917986
00955,中信日本商社,上櫃,1283000,0,3920546
00957B,兆豐US優選投等債,上櫃,0,0,233050
00958B,永豐ESG銀行債15+,上櫃,3000,0,336564
00959B,大華投等美債15Y+,上櫃,144000,0,333644
00966B,統一ESG投等債15+,上櫃,0,0,60682
00967B,元大優息美債,上櫃,0,0,680987
00968B,元大優息投等債,上櫃,-1098000,0,1394000
00969B,元大零息超長美債,上櫃,-34000,0,578692
00970B,台新BBB投等債20+,上櫃,0,0,81825
009806,台新標普500,上櫃,0,0,-7330
009807,台新標普科技精選,上櫃,0,0,-147
00980B,台新特選IG債10+,上櫃,0,0,29992
00980D,主動聯博投等入息,上櫃,0,0,-124348
00980T,平衡凱基美國TOP,上櫃,0,0,-6264
009814,富邦標普500,上櫃,0,450000,-305750
009815,大華美國MAG7+,上櫃,-330800,0,2084290
00981B,第一金優選非投債,上櫃,1463000,0,3153614
00981D,主動中信非投等債,上櫃,1911000,0,271125
009822,華南永昌未來金融,上櫃,0,0,33000
009823,群益S&P500,上櫃,0,0,1649401
009825,聯邦美國金融創新,上櫃,0,0,843390
00982B,FT投資級債20+,上櫃,0,0,88000
00983B,大華優利美公債20,上櫃,-1000,0,53933
00984B,大華優利美A債15,上櫃,84000,0,-57749
00985D,主動貝萊德優投等,上櫃,0,0,-127980
00986B,FT金融債10+,上櫃,0,0,-1025
00986D,主動復華金融債息,上櫃,79000,0,75000
00987B,野村10+澳洲公債,上櫃,0,0,33458
00988B,玉山嚴選非投債,上櫃,45000,0,2440387
00989B,台新美國非投等債,上櫃,-21000,0,750811
00990B,國泰收益非投等債,上櫃,0,0,706012
00998A,主動復華金融股息,上櫃,547000,0,-969542
020025,統一亞洲半導體N,上櫃,0,0,45000
020033,統一恒生科期N,上櫃,0,0,-10000
020041,兆豐半導體氣候N,上櫃,0,0,-1000
1240,茂生農經,上櫃,-2000,0,0
1264,德麥,上櫃,0,0,-1000
1268,漢來美食,上櫃,7000,0,0
1294,漢田生技,上櫃,-3000,0,0
1295,生合,上櫃,-1000,0,0
1336,台翰,上櫃,10000,0,3000
1565,精華,上櫃,2000,0,667
1569,濱川,上櫃,58000,0,498
1570,力肯,上櫃,-11000,0,0
1580,新麥,上櫃,-4000,0,-349
1584,精剛,上櫃,-305000,0,2910
1586,和勤,上櫃,-99880,0,0
1591,駿吉-KY,上櫃,-22000,0,-1001
1593,祺驊,上櫃,-12000,0,-247
1595,川寶,上櫃,51000,0,-306
1599,宏佳騰,上櫃,-3000,0,0
1777,生泰,上櫃,1000,0,0
1780,立弘,上櫃,36000,0,0
1781,合世,上櫃,0,0,0
1784,訊聯,上櫃,53000,0,-1049
1785,光洋科,上櫃,661517,19317,170
1788,杏昌,上櫃,3000,0,0
1796,金穎生技,上櫃,0,0,-1
1799,易威,上櫃,-22000,0,1030
1813,寶利徠,上櫃,0,0,0
1815,富喬,上櫃,1568642,0,-8836
2061,風青,上櫃,19019,0,-1366
2064,晉椿,上櫃,-17000,0,729
2065,世豐,上櫃,1000,0,0
2066,世德,上櫃,-8000,0,0
2070,精湛,上櫃,20000,0,-141
2221,大甲,上櫃,-37000,0,1000
2230,泰茂,上櫃,32000,0,188
2640,大車隊,上櫃,-4920,0,0
2641,正德,上櫃,111000,0,238
2643,捷迅,上櫃,2000,0,0
2718,全心投控,上櫃,-14000,0,4938
2719,燦星旅,上櫃,-17000,0,0
2726,雅茗-KY,上櫃,0,0,999
2729,瓦城,上櫃,5508,0,0
2732,六角,上櫃,-5000,0,0
2734,易飛網,上櫃,16000,0,0
2736,富野,上櫃,4000,0,0
2743,山富,上櫃,18110,0,313
2745,五福,上櫃,11000,0,-11
2752,豆府,上櫃,1000,0,0
2754,亞洲藏壽司,上櫃,-1000,0,0
2755,揚秦,上櫃,-3043,0,0
2756,聯發國際,上櫃,-10000,0,0
2916,滿心,上櫃,14000,0,0
2926,誠品生活,上櫃,2,0,0
3066,李洲,上櫃,-36000,0,-1001
3071,協禧,上櫃,23000,0,-54
3073,天方能源,上櫃,-7000,0,65
3078,僑威,上櫃,-114700,0,1806
3081,聯亞,上櫃,-1460852,465000,27324
3083,網龍,上櫃,13000,0,0
3086,華義*,上櫃,36000,0,-1609
3088,艾訊,上櫃,501062,0,-47737
3093,港建*,上櫃,-12000,0,-139
3095,及成,上櫃,1000,0,0
3105,穩懋,上櫃,2667934,12299,-270242
3114,好德,上櫃,86000,0,0
3118,進階,上櫃,0,0,-17
3122,笙泉,上櫃,8000,0,0
3128,昇銳,上櫃,21000,0,-386
3131,弘塑,上櫃,17966,-75000,-11296
3141,晶宏,上櫃,-10017,0,15697
3147,大綜,上櫃,20170,0,-5195
3152,璟德,上櫃,-17928,0,1849
3162,精確,上櫃,329203,0,-8334
3163,波若威,上櫃,9338,2000,24153
3169,亞信,上櫃,-42000,0,-85
3171,炎洲流通,上櫃,0,0,0
3176,基亞,上櫃,79000,0,0
3178,公準,上櫃,-12000,0,-499
3188,鑫龍騰,上櫃,-15000,0,-205
3191,雲嘉南,上櫃,-2000,0,0
3205,佰研,上櫃,-33000,0,0
3206,志豐,上櫃,10000,0,-4000
3207,耀勝,上櫃,111000,0,2079
3211,順達,上櫃,-449847,0,-120946
3213,茂訊,上櫃,-74771,0,1931
3217,優群,上櫃,-45279,0,2
3218,大學光,上櫃,-4493,0,-348
3219,倚強科,上櫃,-27000,0,-8351
3221,台嘉碩,上櫃,-1493889,0,65630
3224,三顧,上櫃,-19000,0,0
3227,原相,上櫃,-17641,0,-6172
3228,金麗科,上櫃,8000,0,-3540
3230,錦明,上櫃,284385,0,-221
3232,昱捷,上櫃,-1000,0,0
3234,光環,上櫃,4578,0,89
3236,千如,上櫃,-128469,0,-1939
3252,海灣,上櫃,-6000,0,0
3259,鑫創,上櫃,-1000,0,-191
3260,威剛,上櫃,406294,8000,186170
3264,欣銓,上櫃,-1777925,1120,12060
3265,台星科,上櫃,-83723,0,-13238
3268,海德威,上櫃,-3000,0,-51
3272,東碩,上櫃,21000,0,0
3276,宇環,上櫃,-4096,0,23424
3284,太普高,上櫃,194000,0,1
3285,微端,上櫃,-11000,0,0
3287,廣寰科,上櫃,3000,0,381
3288,點晶,上櫃,-2000,0,0
3289,宜特,上櫃,75733,0,-1950
3290,東浦,上櫃,90000,0,-28842
3293,鈊象,上櫃,332543,7000,10084
3294,英濟,上櫃,46680,0,979
3297,杭特,上櫃,-6000,0,-58
3303,岱稜,上櫃,28000,0,-242
3306,鼎天,上櫃,2000,0,-175
3310,佳穎,上櫃,0,0,915
3313,斐成,上櫃,-3000,0,319
3317,尼克森,上櫃,324604,0,-12443
3322,建舜電,上櫃,-50000,0,211
3323,加百裕,上櫃,3026,0,-1326
3324,雙鴻,上櫃,-151077,1000,-104818
3325,旭品,上櫃,56000,0,-348
3332,幸康,上櫃,-2000,0,-361
3339,泰谷,上櫃,16000,0,957
3349,寶德,上櫃,-15000,0,810
3354,律勝,上櫃,29030,0,2000
3357,臺慶科,上櫃,-20560,5000,-14918
3360,尚立,上櫃,52460,0,-7068
3362,先進光,上櫃,122220,0,8795
3363,上詮,上櫃,-262088,0,-7538
3372,典範,上櫃,5700,0,719
3373,熱映,上櫃,-21000,0,0
3374,精材,上櫃,493353,0,-210731
3379,彬台,上櫃,0,0,0
3388,崇越電,上櫃,42000,0,-13379
3390,旭軟,上櫃,-33017,0,795
3402,漢科,上櫃,-580600,0,-29421
3430,奇鈦科,上櫃,65146,0,1193
3434,哲固,上櫃,16000,0,-7
3438,類比科,上櫃,-9000,0,-371
3441,聯一光,上櫃,260881,0,774
3444,利機,上櫃,4980,0,484
3455,由田,上櫃,162025,0,-755
3465,進泰電子,上櫃,-15000,0,0
3466,德晉,上櫃,-6000,0,66
3467,台灣精材,上櫃,4000,0,0
3479,安勤,上櫃,-379000,0,-41275
3483,力致,上櫃,41960,0,-15
3484,崧騰,上櫃,-3000,0,1415
3485,敘豐,上櫃,3480,0,12
3489,森寶,上櫃,-67000,0,0
3490,單井,上櫃,-89951,0,-4
3491,昇達科,上櫃,-6146,0,-4399
3492,長盛,上櫃,-10000,0,-12
3498,陽程,上櫃,69684,0,-44529
3499,環天科,上櫃,-10000,0,-253
3508,位速,上櫃,6000,0,0
3511,矽瑪,上櫃,16000,0,0
3512,皇龍,上櫃,-8000,0,0
3516,亞帝歐,上櫃,-3000,0,-2000
3520,華盈,上櫃,-220364,0,0
3521,台鋼建設,上櫃,-29000,0,185
3522,御嵿,上櫃,-9000,0,-1000
3523,迎輝,上櫃,-4000,0,0
3526,凡甲,上櫃,-16910,0,545
3527,聚積,上櫃,-11000,0,486
3529,力旺,上櫃,6761,2027,-11191
3537,堡達,上櫃,35302,0,-766
3540,曜越,上櫃,1000,0,-23889
3541,西柏,上櫃,8000,0,0
3546,宇峻,上櫃,-8000,0,-16874
3548,兆利,上櫃,5189,0,4120
3551,世禾,上櫃,-110432,0,-43397
3552,同致,上櫃,-46000,0,0
3555,博士旺,上櫃,-3980,0,1000
3556,禾瑞亞,上櫃,-25000,0,-1099
3558,神準,上櫃,27000,0,-4321
3564,其陽,上櫃,6000,0,0
3567,逸昌,上櫃,-20000,0,13
3570,大塚,上櫃,0,0,68
3577,泓格,上櫃,85572,0,-33004
3580,友威科,上櫃,-10244,0,1111
3581,博磊,上櫃,20050,0,-5805
3587,閎康,上櫃,-53307,0,-13826
3594,磐儀,上櫃,-114904,0,124336
3597,映興,上櫃,5000,0,6000
3609,三一東林,上櫃,-6000,0,0
3611,鼎翰,上櫃,1000,0,0
3615,安可,上櫃,189000,0,124
3623,富晶通,上櫃,-2000,0,0
3624,光頡,上櫃,48000,-525000,-45878
3625,西勝,上櫃,-56000,0,-1
3628,盈正,上櫃,-27000,0,-8744
3630,新鉅科,上櫃,-86100,0,2363
3631,晟楠,上櫃,-3000,0,0
3663,鑫科,上櫃,-68000,0,-2288
3672,康聯訊,上櫃,-16000,0,190
3675,德微,上櫃,21000,0,-794
3680,家登,上櫃,-122186,0,-23026
3685,元創精密,上櫃,-455000,0,390
3687,歐買尬,上櫃,-57000,0,772
3689,湧德,上櫃,-53950,0,774
3691,碩禾,上櫃,34696,0,12504
3693,營邦,上櫃,8795,5000,-16270
3707,漢磊,上櫃,562696,0,-2794
3709,鑫聯大投控,上櫃,72000,0,-59205
3710,連展投控,上櫃,-10000,0,0
3713,新晶投控,上櫃,-2000,0,-1420
4102,永日,上櫃,3000,0,-1
4105,東洋,上櫃,58000,0,-14000
4107,邦特,上櫃,43791,0,210
4109,加捷生醫,上櫃,-20000,0,0
4111,濟生,上櫃,-2000,0,0
4113,聯上,上櫃,8000,0,0
4114,健喬,上櫃,-700000,0,-1121
4116,明基醫,上櫃,-4000,0,-70
4120,友華,上櫃,-4000,0,0
4121,優盛,上櫃,-11000,0,470
4123,晟德,上櫃,62028,0,47739
4126,太醫,上櫃,-21000,0,0
4127,天良,上櫃,-46000,0,1363
4128,中天,上櫃,586,0,-2090
4129,聯合,上櫃,-50000,0,-679
4138,曜亞,上櫃,-5000,0,0
4139,馬光-KY,上櫃,-1000,0,0
4147,中裕,上櫃,135821,0,-447
4153,鈺緯,上櫃,4000,0,0
4157,太景*-KY,上櫃,12000,0,629
4160,訊聯基因,上櫃,-3000,0,-1
4161,聿新科,上櫃,-1000,0,0
4162,智擎,上櫃,-3000,0,-33
4163,鐿鈦,上櫃,8210,0,0
4166,友霖,上櫃,-26000,0,0
4167,松瑞藥,上櫃,35980,0,13833
4168,醣聯,上櫃,17977,0,4
4171,瑞基,上櫃,5000,0,3000
4173,久裕,上櫃,-1000,0,694
4174,浩鼎,上櫃,-26100,0,0
4175,杏一,上櫃,2000,0,0
4188,安克,上櫃,-2000,0,0
4205,中華食,上櫃,0,0,0
4207,環泰,上櫃,0,0,0
4303,信立,上櫃,65174,0,-392
4304,勝昱,上櫃,-5000,0,0
4401,東隆興,上櫃,-4000,0,0
4402,郡都開發,上櫃,-1000,0,-1
4416,三圓,上櫃,-8000,0,0
4417,金洲,上櫃,3000,0,0
4420,光明,上櫃,8000,0,190
4430,耀億,上櫃,1000,0,0
4432,銘旺實,上櫃,2000,0,0
4442,竣邦-KY,上櫃,50000,0,-237
4503,金雨,上櫃,-21000,0,468
4506,崇友,上櫃,29927,0,0
4510,高鋒,上櫃,-47000,0,-12408
4513,福裕,上櫃,125945,0,0
4523,永彰,上櫃,15000,0,-5
4527,方土霖,上櫃,-1000,0,0
4528,江興鍛,上櫃,-1000,0,965
4529,淳紳,上櫃,4000,0,0
4533,協易機,上櫃,189135,0,-100
4534,慶騰,上櫃,-1324000,0,580
4538,大詠城,上櫃,-1000,0,32
4541,晟田,上櫃,379747,0,-41118
4542,科嶠,上櫃,-21000,0,10000
4543,萬在,上櫃,19000,0,0
4549,桓達,上櫃,27000,0,-374
4550,長佳,上櫃,-1000,0,0
4554,橙的,上櫃,-9000,0,0
4556,旭然,上櫃,-3000,0,24000
4558,寶緯,上櫃,4000,0,-120
4561,健椿,上櫃,33000,0,-1000
4563,百德,上櫃,29000,0,-47
4568,科際精密,上櫃,-2000,0,0
4577,達航科技,上櫃,18000,0,909
4580,捷流閥業,上櫃,-4000,0,-67
4702,中美實,上櫃,-22000,0,947
4706,大恭,上櫃,8000,0,0
4707,磐亞,上櫃,-1729229,0,-175714
4711,永純,上櫃,-20000,0,0
4714,永捷,上櫃,167000,0,-25055
4716,大立,上櫃,-74968,0,0
4721,美琪瑪,上櫃,-56787,0,-4704
4726,永昕,上櫃,24000,0,0
4729,熒茂,上櫃,-11000,0,-325
4735,豪展,上櫃,-8000,0,0
4741,泓瀚,上櫃,16000,0,23588
4743,合一,上櫃,-122020,0,-2689
4744,皇將,上櫃,3000,0,0
4745,合富-KY,上櫃,10000,0,636
4747,強生,上櫃,0,0,500
4749,新應材,上櫃,95760,-25000,-11263
4754,國碳科,上櫃,-3000,0,0
4760,勤凱,上櫃,-18000,0,-8100
4767,誠泰科技,上櫃,1000,0,0
4768,晶呈科技,上櫃,-89960,0,481
4772,台特化,上櫃,23000,0,8316
4903,聯光通,上櫃,35592,0,-14000
4907,富宇,上櫃,-1000,0,0
4908,前鼎,上櫃,121298,0,-3982
4909,新復興,上櫃,54000,0,-62
4911,德英,上櫃,-4000,0,0
4923,力士,上櫃,95238,0,477
4924,欣厚-KY,上櫃,1000,0,90
4931,新盛力,上櫃,-53275,0,-10266
4933,友輝,上櫃,-53000,0,-4403
4939,亞電,上櫃,871091,0,-117246
4946,辣椒,上櫃,-2000,0,0
4951,精拓科,上櫃,-60814,0,1
4953,緯軟,上櫃,-2914,0,-15
4966,譜瑞-KY,上櫃,-214425,164000,3077
4971,IET-KY,上櫃,-55784,0,-7722
4972,湯石照明,上櫃,6000,0,28
4973,廣穎,上櫃,-72050,0,271
4974,亞泰,上櫃,68001,0,-152
4979,華星光,上櫃,-2425415,347000,13634
4991,環宇-KY,上櫃,-254302,-16000,3668
4995,晶達,上櫃,14000,0,0
5009,榮剛,上櫃,191853,0,-4593
5011,久陽,上櫃,4000,0,-3070
5014,建錩,上櫃,162000,0,0
5015,華祺,上櫃,4000,0,-1
5201,凱衛,上櫃,11000,0,0
5202,力新,上櫃,43000,0,56
5206,坤悅,上櫃,-10000,0,0
5209,新鼎,上櫃,6000,0,-9425
5210,寶碩,上櫃,34000,0,0
5211,蒙恬,上櫃,-7000,0,-27
5212,凌網,上櫃,-1000,0,0
5213,亞昕,上櫃,104000,0,-90
5220,萬達光電,上櫃,-5000,0,267
5223,安力-KY,上櫃,-1000,0,0
5227,立凱-KY,上櫃,323944,0,0
5228,鈺鎧,上櫃,52000,0,-940
5230,雷笛克光學,上櫃,-42000,0,0
5245,智晶,上櫃,-12000,0,343
5251,天鉞電,上櫃,3363,0,683
5263,智崴,上櫃,-10000,0,-362
5272,笙科,上櫃,0,0,417
5274,信驊,上櫃,-16317,3012,-2293
5278,尚凡*,上櫃,19000,0,0
5287,數字,上櫃,10602,0,0
5289,宜鼎,上櫃,-115147,-3000,-21205
5291,邑昇,上櫃,125000,0,426
5299,杰力,上櫃,-25000,0,-452
5302,太欣,上櫃,-123000,0,-285
5309,系統電,上櫃,187264,0,2423
5310,天剛,上櫃,0,0,8
5312,寶島科,上櫃,-129000,0,-845
5314,世紀*,上櫃,255180,0,-9124
5315,光聯,上櫃,-27000,0,0
5321,美而快,上櫃,-235000,0,-33
5324,士開,上櫃,11000,0,0
5328,華容,上櫃,267076,0,47571
5340,建榮,上櫃,261070,0,-481
5344,立衛,上櫃,1000,0,0
5345,馥鴻,上櫃,-1000,0,0
5347,世界,上櫃,-333067,1418061,-387787
5351,鈺創,上櫃,-3750900,0,-14445
5353,台林,上櫃,-9000,0,-981
5355,佳總,上櫃,0,0,-2
5356,協益,上櫃,-5000,0,0
5364,力麗店,上櫃,-13000,0,0
5371,中光電,上櫃,-702048,0,-409325
5381,光譜,上櫃,-64879,0,0
5386,青雲,上櫃,-126952,0,-854
5392,能率,上櫃,201973,0,-18212
5398,慕康生醫,上櫃,0,0,-17
5403,中菲,上櫃,22000,0,0
5410,國眾,上櫃,-131000,0,-57995
5425,台半,上櫃,473983,0,-235568
5426,振發,上櫃,83000,0,0
5432,新門,上櫃,0,0,675
5438,東友,上櫃,-21000,0,-191
5439,高技,上櫃,653790,-651000,-7690
5443,均豪,上櫃,152000,0,-13704
5450,南良,上櫃,-54000,0,963
5452,佶優,上櫃,52031,0,3416
5455,昇益,上櫃,0,0,0
5457,宣德,上櫃,-147000,0,-4688
5460,同協,上櫃,28000,0,-36
5464,霖宏,上櫃,-94000,0,-4000
5465,富驊,上櫃,6000,0,0
5468,凱鈺,上櫃,-145000,0,-6087
5474,聰泰,上櫃,-13000,0,335
5475,德宏,上櫃,1154280,0,676
5478,智冠,上櫃,11848,0,-3
5481,新華,上櫃,-19000,0,198
5483,中美晶,上櫃,1029268,11237,-73594
5487,通泰,上櫃,-1000,0,-773
5488,松普,上櫃,114839,0,977
5489,彩富,上櫃,12000,0,-3000
5490,同亨,上櫃,-128000,0,-22
5493,三聯,上櫃,-9000,0,-1002
5498,凱崴,上櫃,212080,0,18550
5508,永信建,上櫃,26000,0,-19187
5511,德昌,上櫃,-116751,0,607
5512,力麒,上櫃,-401773,0,19
5514,三豐,上櫃,2000,0,0
5523,豐謙,上櫃,-8000,0,0
5529,鉅陞,上櫃,-1000,0,632
5530,龍巖,上櫃,-79000,0,0
5536,聖暉*,上櫃,2063,22064,9165
5543,桓鼎-KY,上櫃,-1000,0,0
5548,安倉,上櫃,0,0,0
5603,陸海,上櫃,16000,0,-109
5604,中連,上櫃,1000,0,0
5609,中菲行,上櫃,-26805,0,-8654
5701,劍湖山,上櫃,27000,0,0
5704,老爺知,上櫃,2000,0,0
5864,致和證,上櫃,89870,0,0
5902,德記,上櫃,-3000,0,0
5903,全家,上櫃,20000,0,0
5904,寶雅,上櫃,-195587,2000,4894
5905,南仁湖,上櫃,70000,0,563
6015,宏遠證,上櫃,-210390,0,0
6016,康和證,上櫃,-3131500,0,0
6020,大展證,上櫃,-3000,0,0
6021,美好證,上櫃,-24000,0,0
6023,元大期,上櫃,-7192,0,0
6026,福邦證,上櫃,-118565,0,0
6101,寬魚國際,上櫃,-23000,0,-364
6104,創惟,上櫃,81213,0,-4588
6109,亞元,上櫃,-19000,0,74
6111,光聚晶電,上櫃,2000,0,-39
6113,亞矽,上櫃,3000,0,-95
6114,久威,上櫃,1000,0,0
6118,建達,上櫃,-22000,0,0
6121,新普,上櫃,15181,5000,-1390
6122,擎邦,上櫃,-43907,0,-582
6123,上奇,上櫃,18000,0,0
6124,業強,上櫃,2000,0,0
6125,廣運,上櫃,-27000,0,-1667
6126,信音,上櫃,19955,0,-438
6127,九豪,上櫃,-211669,0,-4688
6129,普誠,上櫃,-295000,0,290
6130,上亞科技,上櫃,18000,0,0
6134,萬旭,上櫃,-59000,0,1894
6138,茂達,上櫃,-149100,-3000,-9929
6140,訊達,上櫃,8000,0,0
6143,振曜,上櫃,-32000,0,-362
6144,得利影,上櫃,0,0,-1
6146,耕興,上櫃,62000,0,-6144
6147,頎邦,上櫃,20747680,-6327798,1162276
6148,驊宏資,上櫃,11000,0,418
6150,撼訊,上櫃,18000,0,-605
6151,晉倫,上櫃,-17000,0,152
6154,順發,上櫃,1000,0,0
6156,松上,上櫃,41017,0,-3954
6158,禾昌,上櫃,8000,0,315
6160,欣技,上櫃,-1000,0,-706
6161,捷波,上櫃,-18099,0,163
6163,華電網,上櫃,242494,0,-5726
6167,久正,上櫃,-59001,0,-472
6169,昱泉,上櫃,1000,0,0
6170,統振,上櫃,-73000,0,-345
6173,信昌電,上櫃,365810,0,-8332
6174,安碁,上櫃,-82700,0,999
6175,立敦,上櫃,101300,0,1552
6179,亞通,上櫃,-84000,0,-6954
6180,橘子,上櫃,11000,0,90
6182,合晶,上櫃,4469172,-1652000,-249604
6185,幃翔,上櫃,-48000,0,-56
6186,新潤,上櫃,-2001,0,-1840
6187,萬潤,上櫃,526294,327000,22209
6188,廣明,上櫃,80751,0,-24600
6190,萬泰科,上櫃,152146,0,-6142
6194,育富,上櫃,-11000,0,30
6195,詩肯,上櫃,1000,0,0
6198,瑞築,上櫃,-3000,0,0
6199,天品,上櫃,-12910,0,-5353
6203,海韻電,上櫃,30000,0,174
6204,艾華,上櫃,6000,0,-1
6207,雷科,上櫃,829344,0,-7200
6208,日揚,上櫃,0,0,-526
6210,慶生,上櫃,0,0,180
6212,理銘,上櫃,-1000,0,0
6217,中探針,上櫃,62000,0,2498
6218,豪勉,上櫃,-85061,0,-28
6219,富旺,上櫃,-5110,0,-6
6220,岳豐,上櫃,-17000,0,-1584
6221,晉泰,上櫃,4000,0,0
6222,立軒,上櫃,-3000,0,-484
6223,旺矽,上櫃,14544,-8969,-16492
6227,茂綸,上櫃,30398,0,60182
6229,研通,上櫃,-14000,0,0
6231,系微,上櫃,79447,0,1299
6233,旺玖,上櫃,132001,0,927
6234,高僑,上櫃,-102000,0,158
6237,驊訊,上櫃,-61000,0,-311
6240,松崗,上櫃,1000,0,-5000
6241,鑫永洋,上櫃,120803,0,1000
6244,茂迪,上櫃,-1368575,0,-205005
6245,立端,上櫃,-78620,0,-3743
6246,臺龍,上櫃,-8000,0,-1
6248,沛波,上櫃,8000,0,896
6259,百徽,上櫃,6000,0,269
6261,久元,上櫃,76000,0,-18352
6263,普萊德,上櫃,3010,0,0
6265,方土昶,上櫃,-2315,0,-8746
6266,泰詠,上櫃,-5000,0,-467
6270,倍微,上櫃,11000,0,-145
6274,台燿,上櫃,-1011504,212000,-54501
6275,元山,上櫃,-6000,0,-195
6276,安鈦克,上櫃,4000,0,-3
6279,胡連,上櫃,-98882,0,14337
6284,佳邦,上櫃,102001,0,8292
6290,良維,上櫃,170085,0,-21650
6291,沛亨,上櫃,80366,0,-2184
6292,迅德,上櫃,4000,0,11
6294,智基,上櫃,0,0,-209
6411,晶焱,上櫃,-27000,0,-1429
6417,韋僑,上櫃,-29049,0,11
6418,詠昇,上櫃,3000,0,0
6419,京晨科,上櫃,-19000,0,627
6423,億而得,上櫃,8000,0,0
6425,易發,上櫃,70140,0,-586
6432,今展科,上櫃,420303,0,-4072
6435,大中,上櫃,129387,0,-8433
6441,廣錠,上櫃,0,0,929
6461,益得,上櫃,29000,0,-342
6462,神盾,上櫃,-133159,0,-15993
6465,威潤,上櫃,-80000,0,-1516
6469,大樹,上櫃,-190403,0,-7074
6470,宇智,上櫃,-2000,0,214
6474,華豫寧,上櫃,-4000,0,0
6482,弘煜科,上櫃,1000,0,0
6485,點序,上櫃,146050,0,-473
6486,互動,上櫃,-38189,0,0
6488,環球晶,上櫃,-1268623,118820,-213793
6492,生華科,上櫃,50000,0,-48
6494,九齊,上櫃,-18000,0,0
6498,久禾光,上櫃,72000,0,0
6499,益安,上櫃,37000,0,-86
6506,雙邦,上櫃,-9000,0,-210
6508,惠光,上櫃,-4000,0,1482
6509,聚和,上櫃,-491000,0,-2532
6510,精測,上櫃,-30872,21214,-10118
6516,勤崴國際,上櫃,6000,0,0
6517,保勝光學,上櫃,-1000,0,755
6523,達爾膚,上櫃,2000,0,0
6527,明達醫,上櫃,-1000,0,0
6530,創威,上櫃,37000,0,-836
6532,瑞耘,上櫃,9000,0,-1659
6535,順藥,上櫃,27000,-30000,421
6538,倉和,上櫃,241072,0,-85915
6542,隆中,上櫃,-2000,0,0
6546,正基,上櫃,-45000,0,1692
6547,高端疫苗,上櫃,-461188,0,-22204
6548,長科*,上櫃,180175,0,-49926
6560,欣普羅,上櫃,5000,0,10
6561,是方,上櫃,9189,0,-900
6568,宏觀,上櫃,8033,0,-4385
6569,醫揚,上櫃,-6000,0,0
6570,維田,上櫃,-17000,0,0
6574,霈方,上櫃,-30000,0,-195
6576,逸達,上櫃,9000,0,0
6577,勁豐,上櫃,118000,0,-6282
6578,達邦蛋白,上櫃,2000,0,0
6584,南俊國際,上櫃,88000,-2000,431
6588,東典光電,上櫃,-52000,0,6947
6593,台灣銘板,上櫃,0,0,0
6596,寬宏藝術,上櫃,-1000,0,787
6603,富強鑫,上櫃,280000,0,37988
6609,瀧澤科,上櫃,-25000,0,-1
6612,奈米醫材,上櫃,3000,0,0
6613,朋億*,上櫃,53658,0,-9990
6615,慧智,上櫃,2000,0,0
6616,特昇-KY,上櫃,0,0,48
6617,共信-KY,上櫃,-77000,0,0
6620,漢達,上櫃,-57000,0,30523
6629,泰金-KY,上櫃,-1000,0,0
6637,醫影,上櫃,1000,0,-18
6640,均華,上櫃,27005,10000,3162
6642,富致,上櫃,-93000,0,7
6643,M31,上櫃,9037,0,9182
6651,全宇昕,上櫃,27000,0,4816
6654,天正國際,上櫃,-14000,0,821
6664,群翊,上櫃,31000,0,11690
6667,信紘科,上櫃,-5000,0,-4736
6679,鈺太,上櫃,111868,0,-2244
6683,雍智科技,上櫃,1000,0,9778
6684,安格,上櫃,-12000,0,-2249
6690,安碁資訊,上櫃,-4000,0,0
6692,進能服,上櫃,-1000,0,-685
6693,廣閎科,上櫃,279573,-90000,-69364
6697,東捷資訊,上櫃,-1000,0,0
6703,軒郁,上櫃,-2000,0,0
6708,天擎,上櫃,-4000,0,0
6712,長聖,上櫃,-98000,0,47
6716,應廣,上櫃,-14000,0,-5
6720,久昌,上櫃,34000,0,-20
6721,信實,上櫃,1000,0,0
6725,矽科宏晟,上櫃,-9000,0,-5194
6727,亞泰金屬,上櫃,14000,0,-50
6728,上洋,上櫃,2000,0,0
6730,常廣,上櫃,-7000,0,0
6732,昇佳電子,上櫃,-36080,0,-4393
6733,博晟生醫,上櫃,21000,0,-40
6735,美達科技,上櫃,31000,0,-185
6739,竹陞科技,上櫃,24742,2000,-6372
6741,91APP*-KY,上櫃,63303,0,9
6751,智聯服務,上櫃,9000,0,0
6752,叡揚,上櫃,-1000,0,0
6761,穩得,上櫃,15000,0,1
6763,綠界科技*,上櫃,3114,0,-776
6767,台微醫,上櫃,-2000,0,0
6785,昱展新藥,上櫃,12000,0,-156
6788,華景電,上櫃,5000,0,-6879
6791,虎門科技,上櫃,-2990,0,0
6803,崑鼎,上櫃,4000,0,0
6804,明係,上櫃,7000,0,-2954
6811,宏碁資訊,上櫃,62635,0,-292
6821,聯寶,上櫃,0,0,875
6823,濾能,上櫃,0,0,1001
6829,千附精密,上櫃,-26000,0,-15231
6840,東研信超,上櫃,-1000,0,0
6841,長佳智能,上櫃,-34000,0,-50
6843,進典,上櫃,-1000,0,0
6844,諾貝兒,上櫃,0,0,0
6846,綠茵,上櫃,0,0,0
6859,伯特光,上櫃,-1000,0,-179
6870,騰雲,上櫃,-6000,0,-3619
6872,浩宇生醫,上櫃,-2000,0,0
6874,倍力,上櫃,1000,0,0
6875,國邑*,上櫃,-8000,0,0
6877,鏵友益,上櫃,8000,0,-85
6881,潤德,上櫃,1000,0,0
6894,衛司特,上櫃,-7000,0,1235
6895,宏碩系統,上櫃,23000,0,306
6899,創為精密,上櫃,-6000,0,0
6903,巨漢,上櫃,-203000,0,-16150
6907,雅特力-KY,上櫃,-44657,0,-3325
6913,鴻呈,上櫃,-12960,0,780
6922,宸曜,上櫃,-14926,0,-92
6925,意藍,上櫃,-1000,0,0
6945,圓祥生技,上櫃,24000,0,0
6953,家碩,上櫃,-1196,0,289
6961,旅天下,上櫃,1000,0,0
6967,汎瑋材料,上櫃,-20000,0,-9000
6968,萬達寵物,上櫃,2000,0,0
6971,惠民實業,上櫃,0,0,0
6982,大井泵浦,上櫃,-8000,0,-621
6983,華洋精機,上櫃,-2000,0,854
6986,和迅,上櫃,22000,0,-25000
6996,力領科技,上櫃,-10960,0,0
7402,邑錡,上櫃,25215,0,-3893
7547,碩網,上櫃,0,0,0
7556,意德士,上櫃,4000,0,-10
7642,昶瑞機電,上櫃,-6000,0,0
7703,銳澤,上櫃,-44000,0,34
7704,明遠精密,上櫃,-9000,0,-394
7709,榮田,上櫃,-7000,0,-572
7712,博盛半導體,上櫃,-16940,0,-572
7713,威力德生醫,上櫃,0,0,0
7714,創泓科技,上櫃,19000,0,-5705
7715,裕山,上櫃,1000,0,-183
7717,萊德光電-KY,上櫃,1000,0,1862
7718,友鋮,上櫃,0,0,0
7723,築間,上櫃,-3000,0,0
7728,光焱科技,上櫃,2000,0,-1894
7734,印能科技,上櫃,36852,0,-6885
7738,東聯互動,上櫃,-3000,0,0
7744,崴寶,上櫃,0,0,-50
7751,竑騰,上櫃,52406,0,-5637
7753,星亞,上櫃,-2000,0,0
7767,仁大資訊,上櫃,9000,0,-1000
7772,耀穎,上櫃,37000,0,1125
7777,能率亞洲,上櫃,-209000,0,428
7792,安葆,上櫃,62080,0,3316
7794,宏碁智新,上櫃,-1000,0,-6
7805,威聯通,上櫃,-3000,0,-604
7810,捷創科技,上櫃,8000,0,-248
7811,民盛,上櫃,-3000,0,0
7814,海昌生技,上櫃,2000,0,0
7819,精誠金融,上櫃,0,0,-3000
7820,立盈,上櫃,-1000,0,0
7828,創新服務,上櫃,82012,3000,-1000
7839,達人網,上櫃,5000,0,0
7842,天能綠電,上櫃,2000,0,0
8024,佑華,上櫃,-2000,0,0
8027,鈦昇,上櫃,20950,0,15158
8032,光菱,上櫃,-12000,0,-1095
8034,榮群,上櫃,0,0,0
8038,長園科,上櫃,38000,0,345
8040,九暘,上櫃,101000,0,10305
8042,金山電,上櫃,104438,0,-3028
8043,蜜望實,上櫃,-284221,0,-6
8044,網家,上櫃,39810,0,-6000
8047,星雲,上櫃,-1000,0,0
8048,德勝,上櫃,-41913,0,-1531
8049,晶采,上櫃,-37000,0,797
8050,廣積,上櫃,-486448,0,162538
8054,安國,上櫃,-124835,0,-7352
8059,凱碩,上櫃,13000,0,-582
8064,東捷,上櫃,540065,0,-1705
8068,全達,上櫃,0,0,0
8069,元太,上櫃,-803449,131794,-355387
8071,能率網通,上櫃,134000,0,860
8074,鉅橡,上櫃,132000,0,-2276
8076,伍豐,上櫃,-133000,0,-4429
8077,洛碁,上櫃,1000,0,0
8083,瑞穎,上櫃,4000,0,-37
8084,巨虹,上櫃,-13650,0,0
8085,福華,上櫃,62000,0,391
8086,宏捷科,上櫃,450667,-121000,-17942
8088,品安,上櫃,-8000,0,1373
8089,康全電訊,上櫃,12128,0,0
8091,翔名,上櫃,-35244,0,-12058
8092,建暐,上櫃,-1000,0,-1
8096,擎亞,上櫃,28000,0,7454
8097,常珵,上櫃,-4000,0,0
8099,大世科,上櫃,2083,0,32
8102,傑霖科技,上櫃,-1000,0,0
8107,大億金茂,上櫃,-1000,0,-1
8109,博大,上櫃,-51000,0,-6068
8111,立碁,上櫃,566976,0,188109
8121,越峰,上櫃,130442,0,1743
8147,正淩,上櫃,29078,0,2632
8155,博智,上櫃,95000,0,-37041
8171,天宇,上櫃,-7000,0,0
8176,智捷,上櫃,3000,0,-2
8182,加高,上櫃,-15970,0,-498
8183,精星,上櫃,-24000,0,-775
8227,巨有科技,上櫃,-221262,0,2606
8234,新漢,上櫃,-110200,0,-68
8240,華宏,上櫃,96000,0,-554
8255,朋程,上櫃,-32603,0,2313
8277,商丞,上櫃,1000,0,0
8279,生展,上櫃,0,0,0
8284,三竹,上櫃,-2000,0,0
8289,泰藝,上櫃,25000,0,-994
8291,尚茂,上櫃,0,0,0
8299,群聯,上櫃,287381,-78115,41986
8349,恒耀,上櫃,14000,0,0
8354,冠好,上櫃,-10000,0,0
8358,金居,上櫃,-80080,-5000,65025
8383,千附,上櫃,265000,0,-22310
8390,金益鼎,上櫃,-195179,0,536
8403,盛弘,上櫃,68000,0,0
8409,商之器,上櫃,0,0,-1
8410,森田,上櫃,-2000,0,-5000
8415,大國鋼,上櫃,305000,0,0
8421,旭源,上櫃,25000,0,-41014
8423,保綠-KY,上櫃,-1000,0,0
8424,惠普,上櫃,-1000,0,0
8426,紅木-KY,上櫃,39000,0,0
8431,匯鑽科,上櫃,14000,0,757
8432,東生華,上櫃,2000,0,0
8433,弘帆,上櫃,-1000,0,0
8435,鉅邁,上櫃,2000,0,0
8436,大江,上櫃,-173767,0,37625
8437,大地-KY,上櫃,-3000,0,673
8440,綠電,上櫃,7000,0,1
8446,華研,上櫃,25000,0,0
8450,霹靂,上櫃,-1000,0,0
8455,大拓-KY,上櫃,-1000,0,0
8489,三貝德,上櫃,2000,0,57
8905,裕國,上櫃,0,0,-68
8906,花王,上櫃,0,0,0
8908,欣雄,上櫃,9000,0,-94
8916,光隆,上櫃,-4000,0,0
8917,欣泰,上櫃,4000,0,0
8924,大田,上櫃,3000,0,-90
8927,北基,上櫃,70000,0,0
8928,鉅明,上櫃,-8000,0,-138
8930,青鋼,上櫃,-3000,0,-101
8931,大汽電,上櫃,4000,0,0
8932,智通*,上櫃,-469954,0,-87787
8933,愛地雅,上櫃,-1000,0,0
8935,邦泰,上櫃,-82079,0,0
8936,國統,上櫃,-84000,0,9905
8937,合騏*,上櫃,5000,0,0
8938,明安,上櫃,3216,0,205
8942,森鉅,上櫃,-81880,0,282
9949,琉園,上櫃,-12000,0,0
9950,萬國通,上櫃,-4000,0,0
9951,皇田,上櫃,0,0,15000
9960,邁達康,上櫃,7000,0,-13
9962,有益,上櫃,-3000,0,-17
